time_s,n2o_tank_pressure_bar,n2o_tank_temperature_k,n2o_tank_liquid_mass_kg,n2o_tank_vapour_mass_kg,n2o_tank_pressurant_gas_mass_kg,n2o_tank_total_mass_kg,n2o_tank_total_internal_energy_kj,ethanol_tank_pressure_bar,ethanol_tank_temperature_k,ethanol_tank_liquid_mass_kg,ethanol_tank_vapour_mass_kg,ethanol_tank_pressurant_gas_mass_kg,ethanol_tank_total_mass_kg,ethanol_tank_total_internal_energy_kj,n2_tank_pressure_bar,n2_tank_temperature_k,n2_tank_liquid_mass_kg,n2_tank_vapour_mass_kg,n2_tank_pressurant_gas_mass_kg,n2_tank_total_mass_kg,n2_tank_total_internal_energy_kj,n2o_injector_mdot_kg_s,ethanol_injector_mdot_kg_s,ethanol_regulator_mdot_kg_s,engine_chamber_pressure_bar,engine_chamber_temperature_k,engine_thrust_n,engine_isp_s,engine_mixture_ratio,engine_total_mdot_kg_s,engine_cstar_ideal_m_s,engine_cstar_delivered_m_s,engine_cf_ideal,engine_cf_delivered
0.020000,59.929349,300.808526,4.084892,0.901000,,4.985892,1246.902300,49.999118,293.148293,1.497321,0.000000,0.018118,1.515439,-231.019468,349.316669,292.995143,0.000000,0.252754,0.252754,0.252754,40.016790,0.705407,0.133957,0.009758,28.690871,3169.938799,1678.948187,203.969960,5.265911,0.839364,1576.154944,1418.539449,1.484301,1.410086
0.040000,59.857828,300.754090,4.066195,0.905406,,4.971601,1243.500793,49.999118,293.146538,1.494555,0.000000,0.018320,1.512875,-230.550439,348.611431,292.835075,0.000000,0.252553,0.252553,0.252553,39.963934,0.714551,0.138269,0.010088,29.179156,3170.941330,1708.894722,204.332469,5.167822,0.852820,1577.687795,1419.919016,1.485494,1.411219
0.060000,59.786752,300.699939,4.047649,0.909740,,4.957389,1240.120867,49.999118,293.144788,1.491822,0.000000,0.018519,1.510341,-230.086844,347.915471,292.676869,0.000000,0.252353,0.252353,0.252353,39.911724,0.710584,0.136676,0.009973,28.980885,3170.573871,1696.650290,204.199595,5.199046,0.847260,1577.249686,1419.524717,1.484940,1.410693
0.080000,59.715622,300.645694,4.029124,0.914033,,4.943157,1236.738863,49.999118,293.143014,1.489075,0.000000,0.018720,1.507795,-229.621080,347.217403,292.517941,0.000000,0.252153,0.252153,0.252153,39.859308,0.711585,0.137325,0.010020,29.042452,3170.639432,1700.334369,204.245115,5.181751,0.848911,1577.527305,1419.774574,1.485010,1.410759
0.100000,59.644629,300.591498,4.010670,0.918274,,4.928944,1233.363776,49.999118,293.141226,1.486333,0.000000,0.018920,1.505253,-229.156034,346.521521,292.359263,0.000000,0.251953,0.251953,0.251953,39.807009,0.710694,0.137124,0.010006,29.005160,3170.533263,1697.953916,204.222006,5.182851,0.847818,1577.531939,1419.778745,1.484838,1.410596
0.120000,59.573700,300.537297,3.992265,0.922468,,4.914733,1229.992180,49.999118,293.139424,1.483588,0.000000,0.019120,1.502708,-228.690595,345.826204,292.200471,0.000000,0.251752,0.251752,0.251752,39.754703,0.710521,0.137246,0.010015,29.005384,3170.487028,1697.872671,204.224482,5.176981,0.847767,1577.638738,1419.874864,1.484755,1.410517
0.140000,59.502861,300.483112,3.973918,0.926614,,4.900532,1226.625372,49.999118,293.137607,1.480843,0.000000,0.019320,1.500164,-228.225186,345.132063,292.041701,0.000000,0.251552,0.251552,0.251552,39.702438,0.710073,0.137246,0.010015,28.991282,3170.416529,1696.912545,204.217097,5.173739,0.847318,1577.706899,1419.936209,1.484637,1.410405
0.160000,59.432103,300.428934,3.955624,0.930713,,4.886337,1223.262852,49.999118,293.135776,1.478097,0.000000,0.019521,1.497618,-227.759643,344.438863,291.882901,0.000000,0.251352,0.251352,0.251352,39.650195,0.709728,0.137292,0.010018,28.982585,3170.352956,1696.282835,204.213270,5.169486,0.847020,1577.789550,1420.010595,1.484532,1.410305
0.180000,59.361429,300.374767,3.937384,0.934766,,4.872150,1219.904807,49.999118,293.133926,1.475351,0.000000,0.019721,1.495072,-227.294046,343.746691,291.724091,0.000000,0.251151,0.251151,0.251151,39.597982,0.709342,0.137320,0.010021,28.971779,3170.284820,1695.523175,204.207928,5.165602,0.846663,1577.866662,1420.079996,1.484420,1.410199
0.200000,59.290837,300.320610,3.919197,0.938773,,4.857971,1216.551159,49.999118,293.132061,1.472604,0.000000,0.019922,1.492526,-226.828352,343.055512,291.565264,0.000000,0.250951,0.250951,0.250951,39.545795,0.708971,0.137356,0.010024,28.961728,3170.216343,1694.809002,204.202990,5.161564,0.846327,1577.945772,1420.151195,1.484310,1.410094
0.220000,59.220328,300.266462,3.901063,0.942736,,4.843799,1213.201932,49.999118,293.130183,1.469856,0.000000,0.020122,1.489978,-226.362571,342.365339,291.406422,0.000000,0.250750,0.250750,0.250750,39.493636,0.708592,0.137389,0.010026,28.951341,3170.145953,1694.073450,204.197728,5.157571,0.845981,1578.024023,1420.221621,1.484198,1.409988
0.240000,59.149901,300.212324,3.882981,0.946653,,4.829635,1209.857110,49.999118,293.128290,1.467108,0.000000,0.020323,1.487430,-225.896697,341.676160,291.247561,0.000000,0.250550,0.250550,0.250550,39.441504,0.708215,0.137423,0.010029,28.941033,3170.074213,1693.342058,204.192417,5.153548,0.845638,1578.102475,1420.292227,1.484086,1.409881
0.260000,59.079557,300.158195,3.864951,0.950527,,4.815478,1206.516694,49.999118,293.126382,1.464358,0.000000,0.020523,1.484882,-225.430733,340.987983,291.088686,0.000000,0.250349,0.250349,0.250349,39.389400,0.707836,0.137457,0.010032,28.930646,3170.000892,1692.605108,204.186952,5.149523,0.845292,1578.180732,1420.362659,1.483972,1.409774
0.280000,59.009294,300.104076,3.846971,0.954358,,4.801329,1203.180678,49.999118,293.124456,1.461609,0.000000,0.020724,1.482333,-224.964692,340.300801,290.929795,0.000000,0.250148,0.250148,0.250148,39.337323,0.707456,0.137491,0.010034,28.920242,3169.926050,1691.866335,204.181372,5.145485,0.844947,1578.258947,1420.433052,1.483858,1.409665
0.300000,58.939113,300.049966,3.829042,0.958145,,4.787187,1199.849058,49.999118,293.122515,1.458858,0.000000,0.020925,1.479783,-224.498559,339.614611,290.770884,0.000000,0.249948,0.249948,0.249948,39.285273,0.707075,0.137525,0.010037,28.909798,3169.849652,1691.124317,204.175661,5.141439,0.844600,1578.337038,1420.503335,1.483743,1.409556
0.320000,58.869014,299.995866,3.811163,0.961891,,4.773054,1196.521830,49.999118,293.120560,1.456107,0.000000,0.021126,1.477233,-224.032332,338.929417,290.611959,0.000000,0.249747,0.249747,0.249747,39.233250,0.706693,0.137559,0.010040,28.899321,3169.771699,1690.379645,204.169825,5.137384,0.844252,1578.415014,1420.573513,1.483628,1.409446
0.340000,58.798995,299.941775,3.793333,0.965595,,4.758927,1193.198991,49.999118,293.118586,1.453355,0.000000,0.021327,1.474682,-223.566028,338.245213,290.453016,0.000000,0.249546,0.249546,0.249546,39.181254,0.706310,0.137593,0.010043,28.888810,3169.692155,1689.632127,204.163862,5.133319,0.843903,1578.492894,1420.643604,1.483511,1.409336
0.360000,58.729058,299.887693,3.775552,0.969257,,4.744809,1189.880535,49.999118,293.116598,1.450603,0.000000,0.021527,1.472130,-223.099628,337.561999,290.294056,0.000000,0.249345,0.249345,0.249345,39.129285,0.705926,0.137628,0.010046,28.878266,3169.611031,1688.881842,204.157771,5.129246,0.843554,1578.570631,1420.713568,1.483394,1.409224
0.380000,58.659201,299.833621,3.757819,0.972879,,4.730698,1186.566458,49.999118,293.114595,1.447849,0.000000,0.021728,1.469578,-222.633133,336.879775,290.135080,0.000000,0.249144,0.249144,0.249144,39.077343,0.705541,0.137662,0.010048,28.867688,3169.528298,1688.128782,204.151549,5.125164,0.843203,1578.648244,1420.783419,1.483276,1.409112
0.400000,58.589425,299.779558,3.740135,0.976460,,4.716595,1183.256756,49.999118,293.112573,1.445095,0.000000,0.021929,1.467025,-222.166558,336.198538,289.976085,0.000000,0.248943,0.248943,0.248943,39.025428,0.705155,0.137697,0.010051,28.857077,3169.443942,1687.372979,204.145200,5.121073,0.842852,1578.725726,1420.853154,1.483157,1.408999
0.420000,58.519730,299.725503,3.722498,0.980002,,4.702500,1179.951426,49.999118,293.110537,1.442341,0.000000,0.022131,1.464471,-221.699885,335.518284,289.817071,0.000000,0.248742,0.248742,0.248742,38.973539,0.704768,0.137731,0.010054,28.846434,3169.357947,1686.614448,204.138721,5.116973,0.842500,1578.803075,1420.922768,1.483037,1.408885
0.440000,58.450114,299.671458,3.704907,0.983505,,4.688412,1176.650463,49.999118,293.108487,1.439585,0.000000,0.022332,1.461917,-221.233116,334.839017,289.658041,0.000000,0.248541,0.248541,0.248541,38.921678,0.704380,0.137766,0.010057,28.835757,3169.270308,1685.853203,204.132113,5.112865,0.842147,1578.880266,1420.992240,1.482916,1.408771
0.460000,58.380579,299.617422,3.687364,0.986968,,4.674332,1173.353863,49.999118,293.106417,1.436829,0.000000,0.022533,1.459362,-220.766264,334.160729,289.498991,0.000000,0.248340,0.248340,0.248340,38.869843,0.703992,0.137801,0.010059,28.825048,3169.181013,1685.089258,204.125373,5.108749,0.841793,1578.957299,1421.061569,1.482795,1.408655
0.480000,58.311123,299.563395,3.669866,0.990394,,4.660260,1170.061622,49.999118,293.104333,1.434073,0.000000,0.022734,1.456807,-220.299314,333.483425,289.339924,0.000000,0.248138,0.248138,0.248138,38.818035,0.703602,0.137836,0.010062,28.814307,3169.090031,1684.322635,204.118503,5.104624,0.841438,1579.034182,1421.130764,1.482673,1.408539
0.500000,58.241746,299.509376,3.652414,0.993782,,4.646196,1166.773734,49.999118,293.102230,1.431315,0.000000,0.022935,1.454251,-219.832280,332.807100,289.180839,0.000000,0.247937,0.247937,0.247937,38.766253,0.703211,0.137871,0.010065,28.803533,3168.997372,1683.553328,204.111499,5.100492,0.841083,1579.110875,1421.199788,1.482550,1.408423
0.520000,58.172448,299.455367,3.635008,0.997132,,4.632139,1163.490198,49.999118,293.100113,1.428557,0.000000,0.023137,1.451694,-219.365146,332.131750,289.021733,0.000000,0.247736,0.247736,0.247736,38.714498,0.702820,0.137907,0.010068,28.792728,3168.902997,1682.781394,204.104365,5.096351,0.840726,1579.187413,1421.268672,1.482427,1.408305
0.540000,58.103230,299.401366,3.617646,1.000445,,4.618091,1160.211007,49.999118,293.097977,1.425798,0.000000,0.023338,1.449136,-218.897927,331.457379,288.862609,0.000000,0.247534,0.247534,0.247534,38.662770,0.702428,0.137942,0.010071,28.781891,3168.806901,1682.006819,204.097099,5.092202,0.840369,1579.263773,1421.337396,1.482302,1.408187
0.560000,58.034090,299.347373,3.600328,1.003722,,4.604050,1156.936159,49.999118,293.095827,1.423039,0.000000,0.023540,1.446578,-218.430607,330.783982,288.703467,0.000000,0.247333,0.247333,0.247333,38.611068,0.702034,0.137977,0.010074,28.771023,3168.709083,1681.229612,204.089699,5.088046,0.840012,1579.339931,1421.405938,1.482177,1.408068
0.580000,57.965028,299.293389,3.583055,1.006963,,4.590017,1153.665649,49.999118,293.093662,1.420278,0.000000,0.023741,1.444020,-217.963185,330.111562,288.544306,0.000000,0.247131,0.247131,0.247131,38.559392,0.701640,0.138013,0.010077,28.760123,3168.609513,1680.449818,204.082166,5.083882,0.839653,1579.415901,1421.474311,1.482051,1.407948
0.600000,57.896045,299.239413,3.565825,1.010168,,4.575992,1150.399474,49.999118,293.091478,1.417517,0.000000,0.023943,1.441460,-217.495676,329.440113,288.385124,0.000000,0.246930,0.246930,0.246930,38.507743,0.701245,0.138048,0.010079,28.749192,3168.508176,1679.667429,204.074500,5.079710,0.839294,1579.491679,1421.542511,1.481924,1.407828
0.620000,57.827140,299.185446,3.548638,1.013338,,4.561975,1147.137627,49.999118,293.089275,1.414756,0.000000,0.024144,1.438900,-217.028080,328.769636,288.225925,0.000000,0.246728,0.246728,0.246728,38.456120,0.700849,0.138084,0.010082,28.738230,3168.405070,1678.882471,204.066700,5.075531,0.838933,1579.567243,1421.610519,1.481797,1.407707
0.640000,57.758312,299.131487,3.531494,1.016472,,4.547966,1143.880107,49.999118,293.087057,1.411993,0.000000,0.024346,1.436340,-216.560379,328.100124,288.066703,0.000000,0.246526,0.246526,0.246526,38.404523,0.700453,0.138120,0.010085,28.727236,3168.300180,1678.094949,204.058765,5.071345,0.838572,1579.642587,1421.678328,1.481668,1.407585
0.660000,57.689562,299.077536,3.514392,1.019573,,4.533965,1140.626908,49.999118,293.084826,1.409230,0.000000,0.024548,1.433778,-216.092574,327.431583,287.907463,0.000000,0.246325,0.246325,0.246325,38.352953,0.700055,0.138156,0.010088,28.716213,3168.193474,1677.304887,204.050695,5.067151,0.838211,1579.717726,1421.745954,1.481539,1.407462
0.680000,57.620889,299.023593,3.497333,1.022639,,4.519972,1137.378027,49.999118,293.082575,1.406466,0.000000,0.024750,1.431216,-215.624679,326.764010,287.748202,0.000000,0.246123,0.246123,0.246123,38.301409,0.699657,0.138192,0.010091,28.705159,3168.084952,1676.512287,204.042490,5.062950,0.837848,1579.792638,1421.813374,1.481409,1.407339
0.700000,57.552294,298.969659,3.480315,1.025672,,4.505987,1134.133459,49.999118,293.080305,1.403702,0.000000,0.024952,1.428653,-215.156694,326.097400,287.588921,0.000000,0.245921,0.245921,0.245921,38.249891,0.699258,0.138228,0.010094,28.694074,3167.974599,1675.717174,204.034149,5.058742,0.837485,1579.867316,1421.880585,1.481279,1.407215
0.720000,57.483774,298.915732,3.463338,1.028671,,4.492010,1130.893201,49.999118,293.078021,1.400937,0.000000,0.025154,1.426090,-214.688603,325.431755,287.429620,0.000000,0.245719,0.245719,0.245719,38.198399,0.698858,0.138264,0.010097,28.682959,3167.862379,1674.919561,204.025672,5.054526,0.837121,1579.941777,1421.947599,1.481147,1.407090
0.740000,57.415332,298.861812,3.446403,1.031638,,4.478041,1127.657248,49.999118,293.075718,1.398171,0.000000,0.025356,1.423526,-214.220420,324.767073,287.270299,0.000000,0.245517,0.245517,0.245517,38.146933,0.698457,0.138300,0.010100,28.671814,3167.748313,1674.119449,204.017059,5.050304,0.836757,1580.015977,1422.014379,1.481015,1.406965
0.760000,57.346966,298.807901,3.429508,1.034572,,4.464080,1124.425597,49.999118,293.073401,1.395404,0.000000,0.025558,1.420961,-213.752129,324.103349,287.110955,0.000000,0.245315,0.245315,0.245315,38.095493,0.698055,0.138336,0.010103,28.660639,3167.632385,1673.316871,204.008309,5.046076,0.836392,1580.089912,1422.080921,1.480883,1.406838
0.780000,57.278676,298.753997,3.412653,1.037473,,4.450127,1121.198244,49.999118,293.071064,1.392636,0.000000,0.025760,1.418396,-213.283746,323.440591,286.951593,0.000000,0.245113,0.245113,0.245113,38.044079,0.697653,0.138373,0.010106,28.649435,3167.514542,1672.511837,203.999422,5.041840,0.836026,1580.163615,1422.147254,1.480749,1.406712
0.800000,57.210461,298.700101,3.395838,1.040343,,4.436182,1117.975183,49.999118,293.068709,1.389868,0.000000,0.025962,1.415830,-212.815269,322.778785,286.792208,0.000000,0.244911,0.244911,0.244911,37.992691,0.697250,0.138409,0.010109,28.638200,3167.394804,1671.704344,203.990398,5.037598,0.835659,1580.237045,1422.213341,1.480615,1.406584
0.820000,57.142322,298.646212,3.379063,1.043181,,4.422245,1114.756413,49.999118,293.066339,1.387099,0.000000,0.026164,1.413263,-212.346682,322.117937,286.632801,0.000000,0.244708,0.244708,0.244708,37.941329,0.696846,0.138446,0.010112,28.626936,3167.273137,1670.894425,203.981236,5.033349,0.835292,1580.310215,1422.279193,1.480480,1.406456
0.840000,57.074259,298.592330,3.362327,1.045989,,4.408316,1111.541928,49.999118,293.063950,1.384330,0.000000,0.026366,1.410696,-211.878000,321.458048,286.473375,0.000000,0.244506,0.244506,0.244506,37.889993,0.696441,0.138482,0.010115,28.615643,3167.149542,1670.082079,203.971937,5.029094,0.834924,1580.383102,1422.344792,1.480344,1.406327
0.860000,57.006270,298.538456,3.345630,1.048765,,4.394395,1108.331724,49.999118,293.061547,1.381559,0.000000,0.026569,1.408128,-211.409207,320.799108,286.313924,0.000000,0.244304,0.244304,0.244304,37.838682,0.696036,0.138519,0.010118,28.604321,3167.023985,1669.267330,203.962498,5.024832,0.834555,1580.455720,1422.410148,1.480207,1.406197
0.880000,56.938357,298.484589,3.328972,1.051511,,4.380483,1105.125797,49.999118,293.059124,1.378788,0.000000,0.026771,1.405559,-210.940319,320.141125,286.154454,0.000000,0.244101,0.244101,0.244101,37.787397,0.695629,0.138556,0.010121,28.592969,3166.896489,1668.450177,203.952922,5.020565,0.834185,1580.528028,1422.475225,1.480070,1.406067
0.900000,56.870518,298.430729,3.312352,1.054226,,4.366578,1101.924144,49.999118,293.056683,1.376016,0.000000,0.026974,1.402990,-210.471333,319.484096,285.994963,0.000000,0.243899,0.243899,0.243899,37.736138,0.695223,0.138593,0.010124,28.581589,3166.766976,1667.630654,203.943206,5.016290,0.833815,1580.600075,1422.540068,1.479932,1.405936
0.920000,56.802753,298.376875,3.295770,1.056912,,4.352682,1098.726761,49.999118,293.054222,1.373244,0.000000,0.027176,1.400420,-210.002250,318.828014,285.835448,0.000000,0.243696,0.243696,0.243696,37.684905,0.694815,0.138630,0.010127,28.570179,3166.635491,1666.808743,203.933351,5.012010,0.833445,1580.671803,1422.604623,1.479793,1.405804
0.940000,56.735062,298.323029,3.279225,1.059568,,4.338794,1095.533643,49.999118,293.051748,1.370470,0.000000,0.027379,1.397849,-209.533053,318.172876,285.675909,0.000000,0.243494,0.243494,0.243494,37.633697,0.694406,0.138667,0.010130,28.558740,3166.501998,1665.984491,203.923357,5.007724,0.833073,1580.743225,1422.668903,1.479654,1.405671
0.960000,56.667445,298.269189,3.262719,1.062195,,4.324914,1092.344786,49.999118,293.049254,1.367696,0.000000,0.027581,1.395278,-209.063758,317.518692,285.516349,0.000000,0.243291,0.243291,0.243291,37.582514,0.693997,0.138704,0.010133,28.547273,3166.366479,1665.157887,203.913223,5.003432,0.832702,1580.814336,1422.732903,1.479514,1.405538
0.980000,56.599902,298.215356,3.246249,1.064793,,4.311042,1089.160187,49.999118,293.046741,1.364921,0.000000,0.027784,1.392706,-208.594363,316.865454,285.356768,0.000000,0.243088,0.243088,0.243088,37.531358,0.693587,0.138742,0.010136,28.535778,3166.228917,1664.328951,203.902948,4.999134,0.832329,1580.885132,1422.796619,1.479373,1.405405
1.000000,56.532432,298.161529,3.229816,1.067363,,4.297178,1085.979841,49.999118,293.044214,1.362146,0.000000,0.027987,1.390133,-208.124853,316.213158,285.197163,0.000000,0.242886,0.242886,0.242886,37.480226,0.693177,0.138779,0.010139,28.524254,3166.089297,1663.497692,203.892534,4.994830,0.831956,1580.955607,1422.860047,1.479232,1.405270
1.020000,56.465035,298.107709,3.213420,1.069904,,4.283323,1082.803744,49.999118,293.041667,1.359370,0.000000,0.028190,1.387559,-207.655242,315.561809,285.037535,0.000000,0.242683,0.242683,0.242683,37.429121,0.692766,0.138816,0.010142,28.512701,3165.947599,1662.664120,203.881979,4.990520,0.831582,1581.025757,1422.923181,1.479090,1.405135
1.040000,56.397711,298.053895,3.197059,1.072417,,4.269476,1079.631893,49.999118,293.039102,1.356592,0.000000,0.028393,1.384985,-207.185529,314.911400,284.877884,0.000000,0.242480,0.242480,0.242480,37.378040,0.692354,0.138854,0.010145,28.501121,3165.803833,1661.828252,203.871283,4.986205,0.831207,1581.095560,1422.986004,1.478947,1.404999
1.060000,56.330460,298.000087,3.180735,1.074902,,4.255637,1076.464285,49.999118,293.036518,1.353815,0.000000,0.028596,1.382410,-206.715714,314.261933,284.718210,0.000000,0.242277,0.242277,0.242277,37.326985,0.691941,0.138891,0.010148,28.489512,3165.657955,1660.990101,203.860446,4.981884,0.830832,1581.165027,1423.048524,1.478803,1.404863
1.080000,56.263281,297.946286,3.164447,1.077360,,4.241807,1073.300915,49.999118,293.033914,1.351036,0.000000,0.028799,1.379835,-206.245797,313.613402,284.558511,0.000000,0.242074,0.242074,0.242074,37.275955,0.691528,0.138929,0.010151,28.477875,3165.509950,1660.149673,203.849468,4.977557,0.830457,1581.234154,1423.110738,1.478659,1.404726
1.100000,56.196174,297.892490,3.148194,1.079790,,4.227984,1070.141779,49.999118,293.031291,1.348257,0.000000,0.029002,1.377258,-205.775776,312.965811,284.398789,0.000000,0.241871,0.241871,0.241871,37.224950,0.691114,0.138967,0.010154,28.466211,3165.359823,1659.306979,203.838348,4.973225,0.830080,1581.302918,1423.172627,1.478514,1.404588
1.120000,56.129139,297.838700,3.131976,1.082194,,4.214170,1066.986873,49.999118,293.028654,1.345477,0.000000,0.029205,1.374682,-205.305636,312.319154,284.239042,0.000000,0.241668,0.241668,0.241668,37.173971,0.690699,0.139005,0.010157,28.454518,3165.207561,1658.462039,203.827086,4.968888,0.829704,1581.371316,1423.234185,1.478368,1.404450
1.140000,56.062176,297.784916,3.115794,1.084571,,4.200365,1063.836194,49.999118,293.025998,1.342696,0.000000,0.029408,1.372104,-204.835391,311.673437,284.079272,0.000000,0.241465,0.241465,0.241465,37.123017,0.690283,0.139043,0.010160,28.442798,3165.053117,1657.614857,203.815682,4.964545,0.829326,1581.439358,1423.295423,1.478222,1.404311
1.160000,55.995284,297.731138,3.099646,1.086922,,4.186567,1060.689737,49.999118,293.023323,1.339914,0.000000,0.029611,1.369526,-204.365041,311.028657,283.919481,0.000000,0.241261,0.241261,0.241261,37.072088,0.689867,0.139081,0.010164,28.431050,3164.896502,1656.765443,203.804136,4.960197,0.828948,1581.507024,1423.356321,1.478075,1.404171
1.180000,55.928463,297.677365,3.083532,1.089246,,4.172778,1057.547498,49.999118,293.020629,1.337132,0.000000,0.029815,1.366946,-203.894585,310.384804,283.759662,0.000000,0.241058,0.241058,0.241058,37.021184,0.689451,0.139119,0.010167,28.419274,3164.737699,1655.913813,203.792448,4.955844,0.828570,1581.574307,1423.416876,1.477927,1.404031
1.200000,55.861713,297.623597,3.067453,1.091545,,4.158998,1054.409474,49.999118,293.017916,1.334349,0.000000,0.030018,1.364367,-203.424022,309.741887,283.599820,0.000000,0.240855,0.240855,0.240855,36.970305,0.689033,0.139157,0.010170,28.407471,3164.576689,1655.059976,203.780617,4.951486,0.828190,1581.641203,1423.477083,1.477779,1.403890
1.220000,55.795034,297.569835,3.051408,1.093818,,4.145225,1051.275661,49.999118,293.015184,1.331565,0.000000,0.030222,1.361786,-202.953351,309.099895,283.439951,0.000000,0.240651,0.240651,0.240651,36.919451,0.688616,0.139195,0.010173,28.395641,3164.413428,1654.203940,203.768642,4.947122,0.827811,1581.707723,1423.536951,1.477630,1.403748
1.240000,55.728425,297.516078,3.035396,1.096066,,4.131461,1048.146055,49.999118,293.012432,1.328780,0.000000,0.030425,1.359205,-202.482573,308.458837,283.280060,0.000000,0.240448,0.240448,0.240448,36.868622,0.688197,0.139233,0.010176,28.383783,3164.247953,1653.345712,203.756525,4.942754,0.827430,1581.773829,1423.596447,1.477480,1.403606
1.260000,55.661886,297.462326,3.019418,1.098288,,4.117706,1045.020653,49.999118,293.009662,1.325995,0.000000,0.030629,1.356623,-202.011685,307.818705,283.120143,0.000000,0.240244,0.240244,0.240244,36.817818,0.687778,0.139272,0.010179,28.371897,3164.080220,1652.485319,203.744264,4.938381,0.827050,1581.839533,1423.655580,1.477330,1.403464
1.280000,55.595417,297.408578,3.003473,1.100486,,4.103959,1041.899449,49.999118,293.006873,1.323208,0.000000,0.030832,1.354041,-201.540689,307.179499,282.960200,0.000000,0.240040,0.240040,0.240040,36.767039,0.687358,0.139310,0.010182,28.359985,3163.910211,1651.622758,203.731860,4.934003,0.826668,1581.904829,1423.714346,1.477179,1.403320
1.300000,55.529017,297.354836,2.987561,1.102659,,4.090220,1038.782441,49.998998,293.004064,1.320421,0.000000,0.031036,1.351457,-201.069575,306.541217,282.800232,0.000000,0.239837,0.239837,0.239837,36.716284,0.686937,0.139349,0.010186,28.348046,3163.737907,1650.758039,203.719312,4.929620,0.826286,1581.969712,1423.772741,1.477028,1.403176
1.320000,55.462687,297.301098,2.971682,1.104807,,4.076490,1035.669625,49.998998,293.001236,1.317634,0.000000,0.031240,1.348874,-200.598359,305.903863,282.640239,0.000000,0.239633,0.239633,0.239633,36.665555,0.686516,0.139387,0.010189,28.336062,3163.563680,1649.890393,203.706618,4.925246,0.825903,1582.033955,1423.830559,1.476876,1.403032
1.340000,55.396427,297.247365,2.955836,1.106932,,4.062768,1032.560997,49.998998,292.998390,1.314845,0.000000,0.031444,1.346289,-200.127032,305.267430,282.480221,0.000000,0.239429,0.239429,0.239429,36.614850,0.686095,0.139426,0.010192,28.324075,3163.386729,1649.021810,203.693785,4.920852,0.825521,1582.098005,1423.888205,1.476723,1.402887
1.360000,55.330235,297.193636,2.940022,1.109033,,4.049054,1029.456552,49.998998,292.995524,1.312056,0.000000,0.031648,1.343703,-199.655592,304.631920,282.320176,0.000000,0.239225,0.239225,0.239225,36.564170,0.685672,0.139465,0.010195,28.312052,3163.207462,1648.150519,203.680803,4.916455,0.825137,1582.161606,1423.945445,1.476569,1.402741
1.380000,55.264111,297.139912,2.924240,1.111109,,4.035349,1026.356288,49.998998,292.992639,1.309266,0.000000,0.031851,1.341117,-199.184040,303.997330,282.160106,0.000000,0.239021,0.239021,0.239021,36.513515,0.685249,0.139504,0.010198,28.300006,3163.025871,1647.277352,203.667679,4.912054,0.824753,1582.224752,1424.002277,1.476415,1.402594
1.400000,55.198056,297.086192,2.908490,1.113163,,4.021653,1023.260200,49.998998,292.989735,1.306475,0.000000,0.032056,1.338531,-198.712374,303.363657,282.000009,0.000000,0.238817,0.238817,0.238817,36.462885,0.684826,0.139543,0.010202,28.287931,3162.841892,1646.401991,203.654409,4.907648,0.824369,1582.287461,1424.058715,1.476260,1.402447
1.420000,55.132069,297.032476,2.892772,1.115193,,4.007965,1020.168285,49.998998,292.986812,1.303683,0.000000,0.032260,1.335943,-198.240594,302.730906,281.839887,0.000000,0.238613,0.238613,0.238613,36.412279,0.684402,0.139582,0.010205,28.275831,3162.655510,1645.524562,203.640994,4.903237,0.823983,1582.349723,1424.114751,1.476105,1.402300
1.440000,55.066150,296.978763,2.877085,1.117200,,3.994285,1017.080539,49.998998,292.983870,1.300891,0.000000,0.032464,1.333355,-197.768700,302.099069,281.679738,0.000000,0.238409,0.238409,0.238409,36.361698,0.683977,0.139621,0.010208,28.263703,3162.466738,1644.645032,203.627434,4.898822,0.823598,1582.411520,1424.170368,1.475949,1.402152
1.460000,55.000299,296.925055,2.861430,1.119184,,3.980614,1013.996958,49.998998,292.980904,1.298098,0.000000,0.032668,1.330766,-197.296705,301.468146,281.519561,0.000000,0.238205,0.238205,0.238205,36.311141,0.683552,0.139660,0.010211,28.251549,3162.275526,1643.763432,203.613729,4.894402,0.823212,1582.472860,1424.225574,1.475793,1.402003
1.480000,54.934515,296.871350,2.845806,1.121146,,3.966952,1010.917539,49.998998,292.977919,1.295304,0.000000,0.032872,1.328176,-196.824594,300.838137,281.359358,0.000000,0.238000,0.238000,0.238000,36.260608,0.683126,0.139699,0.010215,28.239368,3162.081922,1642.879765,203.599879,4.889979,0.822825,1582.533709,1424.280338,1.475636,1.401854
1.500000,54.868798,296.817649,2.830213,1.123085,,3.953298,1007.842278,49.998998,292.974915,1.292509,0.000000,0.033077,1.325586,-196.352366,300.209041,281.199127,0.000000,0.237796,0.237796,0.237796,36.210100,0.682700,0.139739,0.010218,28.227161,3161.885841,1641.994048,203.585883,4.885551,0.822438,1582.594090,1424.334681,1.475478,1.401704
1.520000,54.803148,296.763951,2.814651,1.125002,,3.939652,1004.771171,49.998998,292.971892,1.289713,0.000000,0.033281,1.322994,-195.880021,299.580855,281.038869,0.000000,0.237592,0.237592,0.237592,36.159617,0.682273,0.139778,0.010221,28.214927,3161.687297,1641.106274,203.571741,4.881119,0.822051,1582.653983,1424.388585,1.475319,1.401554
1.540000,54.737565,296.710257,2.799119,1.126897,,3.926015,1001.704216,49.998998,292.968850,1.286917,0.000000,0.033486,1.320403,-195.407557,298.953582,280.878585,0.000000,0.237387,0.237387,0.237387,36.109158,0.681845,0.139817,0.010224,28.202667,3161.486236,1640.216460,203.557452,4.876682,0.821663,1582.713398,1424.442058,1.475161,1.401403
1.560000,54.672049,296.656565,2.783617,1.128770,,3.912387,998.641407,49.998998,292.965788,1.284120,0.000000,0.033690,1.317810,-194.934975,298.327215,280.718272,0.000000,0.237182,0.237182,0.237182,36.058723,0.681417,0.139857,0.010228,28.190380,3161.282712,1639.324617,203.543018,4.872242,0.821274,1582.772295,1424.495065,1.475001,1.401251
1.580000,54.606598,296.602877,2.768146,1.130621,,3.898767,995.582741,49.998998,292.962708,1.281322,0.000000,0.033895,1.315217,-194.462274,297.701760,280.557932,0.000000,0.236978,0.236978,0.236978,36.008313,0.680988,0.139897,0.010231,28.178067,3161.076634,1638.430756,203.528437,4.867797,0.820885,1582.830705,1424.547635,1.474841,1.401099
1.600000,54.541213,296.549192,2.752705,1.132451,,3.885156,992.528214,49.998998,292.959604,1.278523,0.000000,0.034099,1.312623,-193.989467,297.077211,280.397566,0.000000,0.236773,0.236773,0.236773,35.957927,0.680559,0.139936,0.010234,28.165728,3160.868056,1637.534878,203.513710,4.863349,0.820496,1582.888592,1424.599733,1.474680,1.400946
1.620000,54.475894,296.495509,2.737293,1.134260,,3.871553,989.477824,49.998998,292.956480,1.275724,0.000000,0.034304,1.310028,-193.516539,296.453565,280.237169,0.000000,0.236568,0.236568,0.236568,35.907565,0.680129,0.139976,0.010237,28.153362,3160.656884,1636.637000,203.498835,4.858896,0.820106,1582.945976,1424.651379,1.474519,1.400793
1.640000,54.410641,296.441829,2.721912,1.136048,,3.857959,986.431567,49.998998,292.953333,1.272923,0.000000,0.034509,1.307432,-193.043505,295.830823,280.076745,0.000000,0.236364,0.236364,0.236364,35.857227,0.679699,0.140016,0.010241,28.140970,3160.443176,1635.737125,203.483815,4.854440,0.819715,1583.002826,1424.702543,1.474357,1.400639
1.660000,54.345452,296.388152,2.706559,1.137815,,3.844374,983.389438,49.998998,292.950167,1.270122,0.000000,0.034714,1.304836,-192.570348,295.208982,279.916291,0.000000,0.236159,0.236159,0.236159,35.806913,0.679268,0.140056,0.010244,28.128552,3160.226874,1634.835273,203.468647,4.849980,0.819324,1583.059148,1424.753233,1.474195,1.400485
1.680000,54.280329,296.334477,2.691236,1.139561,,3.830797,980.351433,49.998998,292.946982,1.267320,0.000000,0.034919,1.302239,-192.097068,294.588044,279.755810,0.000000,0.235954,0.235954,0.235954,35.756624,0.678837,0.140096,0.010247,28.116108,3160.007959,1633.931437,203.453332,4.845516,0.818933,1583.114937,1424.803443,1.474032,1.400330
1.700000,54.215270,296.280804,2.675943,1.141287,,3.817229,977.317551,49.998998,292.943777,1.264518,0.000000,0.035124,1.299641,-191.623665,293.968009,279.595301,0.000000,0.235749,0.235749,0.235749,35.706358,0.678405,0.140136,0.010251,28.103638,3159.786412,1633.025628,203.437870,4.841048,0.818541,1583.170187,1424.853168,1.473869,1.400175
1.720000,54.150276,296.227134,2.660678,1.142992,,3.803670,974.287785,49.998879,292.940549,1.261714,0.000000,0.035329,1.297043,-191.150146,293.348869,279.434761,0.000000,0.235544,0.235544,0.235544,35.656117,0.677973,0.140176,0.010254,28.091142,3159.562212,1632.117857,203.422260,4.836576,0.818149,1583.224892,1424.902403,1.473705,1.400019
1.740000,54.085346,296.173465,2.645442,1.144677,,3.790119,971.262135,49.998879,292.937302,1.258910,0.000000,0.035534,1.294444,-190.676510,292.730633,279.274195,0.000000,0.235339,0.235339,0.235339,35.605900,0.677540,0.140216,0.010257,28.078603,3159.335883,1631.207415,203.406508,4.832114,0.817756,1583.278862,1424.950976,1.473540,1.399863
1.760000,54.020480,296.119798,2.630234,1.146343,,3.776577,968.240593,49.998879,292.934031,1.256105,0.000000,0.035739,1.291844,-190.202762,292.113287,279.113596,0.000000,0.235133,0.235133,0.235133,35.555706,0.677107,0.140256,0.010261,28.066061,3159.106388,1630.296163,203.390606,4.827635,0.817363,1583.332441,1424.999197,1.473375,1.399706
1.780000,53.955677,296.066133,2.615055,1.147988,,3.763043,965.223159,49.998879,292.930741,1.253299,0.000000,0.035945,1.289243,-189.728889,291.496842,278.952971,0.000000,0.234928,0.234928,0.234928,35.505537,0.676673,0.140297,0.010264,28.053484,3158.874155,1629.382398,203.374551,4.823152,0.816969,1583.385469,1425.046922,1.473210,1.399549
1.800000,53.890938,296.012469,2.599905,1.149614,,3.749519,962.209828,49.998879,292.927431,1.250492,0.000000,0.036150,1.286642,-189.254888,290.881289,278.792314,0.000000,0.234723,0.234723,0.234723,35.455391,0.676238,0.140337,0.010268,28.040884,3158.639244,1628.466932,203.358351,4.818666,0.816575,1583.437911,1425.094120,1.473043,1.399391
1.820000,53.826262,295.958807,2.584782,1.151221,,3.736003,959.200596,49.998879,292.924098,1.247684,0.000000,0.036355,1.284040,-188.780774,290.266630,278.631628,0.000000,0.234517,0.234517,0.234517,35.405270,0.675803,0.140378,0.010271,28.028257,3158.401675,1627.549466,203.342002,4.814177,0.816181,1583.489751,1425.140776,1.472877,1.399233
1.840000,53.761649,295.905146,2.569688,1.152808,,3.722495,956.195461,49.998879,292.920741,1.244876,0.000000,0.036561,1.281437,-188.306546,289.652863,278.470913,0.000000,0.234312,0.234312,0.234312,35.355172,0.675368,0.140418,0.010274,28.015605,3158.161285,1626.630126,203.325505,4.809684,0.815786,1583.541027,1425.186924,1.472710,1.399074
1.860000,53.697099,295.851486,2.554621,1.154376,,3.708997,953.194419,49.998879,292.917365,1.242067,0.000000,0.036766,1.278833,-187.832189,289.039984,278.310166,0.000000,0.234106,0.234106,0.234106,35.305098,0.674932,0.140459,0.010278,28.002927,3157.918102,1625.708850,203.308858,4.805187,0.815391,1583.591716,1425.232545,1.472542,1.398915
1.880000,53.632611,295.797827,2.539582,1.155925,,3.695507,950.197464,49.998879,292.913970,1.239257,0.000000,0.036972,1.276229,-187.357703,288.427996,278.149390,0.000000,0.233901,0.233901,0.233901,35.255047,0.674495,0.140500,0.010281,27.990223,3157.672153,1624.785687,203.292063,4.800687,0.814995,1583.641801,1425.277621,1.472374,1.398755
1.900000,53.568186,295.744169,2.524571,1.157455,,3.682026,947.204596,49.998879,292.910551,1.236446,0.000000,0.037178,1.273624,-186.883100,287.816896,277.988582,0.000000,0.233695,0.233695,0.233695,35.205021,0.674058,0.140541,0.010285,27.977493,3157.423417,1623.860637,203.275119,4.796184,0.814599,1583.691274,1425.322147,1.472205,1.398595
1.920000,53.503822,295.690512,2.509587,1.158966,,3.668553,944.215810,49.998879,292.907109,1.233635,0.000000,0.037383,1.271018,-186.408381,287.206684,277.827745,0.000000,0.233489,0.233489,0.233489,35.155018,0.673621,0.140581,0.010288,27.964737,3157.171830,1622.933700,203.258026,4.791677,0.814202,1583.740142,1425.366128,1.472036,1.398434
1.940000,53.439520,295.636855,2.494630,1.160459,,3.655089,941.231102,49.998879,292.903647,1.230822,0.000000,0.037589,1.268411,-185.933529,286.597357,277.666876,0.000000,0.233283,0.233283,0.233283,35.105038,0.673183,0.140622,0.010292,27.951955,3156.917464,1622.004901,203.240785,4.787168,0.813806,1583.788376,1425.409538,1.471866,1.398273
1.960000,53.375280,295.583199,2.479701,1.161934,,3.641635,938.250471,49.998879,292.900161,1.228009,0.000000,0.037795,1.265804,-185.458560,285.988914,277.505976,0.000000,0.233077,0.233077,0.233077,35.055083,0.672745,0.140663,0.010295,27.939148,3156.660157,1621.074223,203.223392,4.782654,0.813408,1583.836004,1425.452404,1.471696,1.398111
1.980000,53.311101,295.529543,2.464798,1.163390,,3.628188,935.273910,49.998879,292.896652,1.225195,0.000000,0.038001,1.263196,-184.983471,285.381354,277.345045,0.000000,0.232871,0.232871,0.232871,35.005150,0.672306,0.140705,0.010298,27.926314,3156.400032,1620.141688,203.205852,4.778138,0.813010,1583.882985,1425.494687,1.471525,1.397949
2.000000,53.246983,295.475887,2.449922,1.164829,,3.614751,932.301417,49.998879,292.893123,1.222380,0.000000,0.038207,1.260587,-184.508248,284.774676,277.184083,0.000000,0.232665,0.232665,0.232665,34.955241,0.671867,0.140746,0.010302,27.913455,3156.137020,1619.207313,203.188162,4.773619,0.812612,1583.929325,1425.536393,1.471354,1.397786
2.020000,53.182926,295.422231,2.435073,1.166249,,3.601323,929.332990,49.998879,292.889571,1.219564,0.000000,0.038413,1.257977,-184.032905,284.168880,277.023089,0.000000,0.232459,0.232459,0.232459,34.905356,0.671427,0.140787,0.010305,27.900570,3155.871052,1618.271079,203.170322,4.769096,0.812214,1583.975029,1425.577526,1.471182,1.397623
2.040000,53.118929,295.368575,2.420251,1.167652,,3.587903,926.368622,49.998879,292.885994,1.216747,0.000000,0.038619,1.255367,-183.557441,283.563964,276.862064,0.000000,0.232253,0.232253,0.232253,34.855494,0.670986,0.140828,0.010309,27.887659,3155.602156,1617.333007,203.152332,4.764570,0.811815,1584.020079,1425.618071,1.471010,1.397460
2.060000,53.054992,295.314919,2.405455,1.169037,,3.574492,923.408313,49.998879,292.882399,1.213930,0.000000,0.038826,1.252756,-183.081840,282.959924,276.701005,0.000000,0.232047,0.232047,0.232047,34.805656,0.670546,0.140870,0.010312,27.874722,3155.330363,1616.393116,203.134193,4.760042,0.811415,1584.064458,1425.658012,1.470838,1.397296
2.080000,52.991116,295.261262,2.390685,1.170405,,3.561090,920.452058,49.998879,292.878780,1.211112,0.000000,0.039032,1.250144,-182.606117,282.356764,276.539915,0.000000,0.231841,0.231841,0.231841,34.755841,0.670105,0.140911,0.010316,27.861760,3155.055551,1615.451397,203.115902,4.755510,0.811016,1584.108181,1425.697363,1.470665,1.397131
2.100000,52.927299,295.207605,2.375942,1.171755,,3.547697,917.499854,49.998879,292.875137,1.208293,0.000000,0.039238,1.247531,-182.130271,281.754481,276.378794,0.000000,0.231634,0.231634,0.231634,34.706049,0.669663,0.140953,0.010319,27.848772,3154.777748,1614.507855,203.097462,4.750975,0.810616,1584.151232,1425.736109,1.470491,1.396967
2.120000,52.863542,295.153947,2.361224,1.173088,,3.534312,914.551698,49.998879,292.871475,1.205473,0.000000,0.039445,1.244918,-181.654286,281.153069,276.217638,0.000000,0.231428,0.231428,0.231428,34.656280,0.669221,0.140994,0.010323,27.835758,3154.496934,1613.562505,203.078870,4.746437,0.810215,1584.193604,1425.774244,1.470317,1.396801
2.140000,52.799844,295.100288,2.346533,1.174404,,3.520937,911.607584,49.998879,292.867784,1.202652,0.000000,0.039651,1.242304,-181.178191,280.552538,276.056452,0.000000,0.231221,0.231221,0.231221,34.606535,0.668778,0.141036,0.010326,27.822718,3154.213142,1612.615361,203.060130,4.741897,0.809814,1584.235281,1425.811753,1.470143,1.396636
2.160000,52.736205,295.046628,2.331867,1.175703,,3.507570,908.667512,49.998879,292.864074,1.199831,0.000000,0.039858,1.239689,-180.701955,279.952873,275.895232,0.000000,0.231015,0.231015,0.231015,34.556813,0.668335,0.141078,0.010330,27.809652,3153.926243,1611.666412,203.041237,4.737353,0.809413,1584.276276,1425.848648,1.469968,1.396470
2.180000,52.672625,294.992966,2.317227,1.176985,,3.494212,905.731476,49.998879,292.860340,1.197008,0.000000,0.040065,1.237073,-180.225594,279.354081,275.733978,0.000000,0.230808,0.230808,0.230808,34.507114,0.667892,0.141120,0.010333,27.796561,3153.636325,1610.715679,203.022195,4.732807,0.809011,1584.316563,1425.884907,1.469793,1.396303
2.200000,52.609104,294.939303,2.302612,1.178251,,3.480863,902.799474,49.998879,292.856583,1.194185,0.000000,0.040271,1.234456,-179.749105,278.756162,275.572692,0.000000,0.230601,0.230601,0.230601,34.457439,0.667448,0.141162,0.010337,27.783444,3153.343311,1609.763165,203.003002,4.728258,0.808610,1584.356146,1425.920531,1.469617,1.396136
2.220000,52.545641,294.885639,2.288023,1.179500,,3.467523,899.871502,49.998879,292.852802,1.191361,0.000000,0.040478,1.231839,-179.272489,278.159109,275.411372,0.000000,0.230394,0.230394,0.230394,34.407786,0.667004,0.141203,0.010341,27.770301,3153.047180,1608.808870,202.983657,4.723706,0.808207,1584.395018,1425.955516,1.469441,1.395969
2.240000,52.482236,294.831973,2.273459,1.180733,,3.454192,896.947557,49.998879,292.848997,1.188536,0.000000,0.040685,1.229221,-178.795743,277.562925,275.250019,0.000000,0.230187,0.230187,0.230187,34.358156,0.666559,0.141246,0.010344,27.757132,3152.747911,1607.852802,202.964160,4.719151,0.807804,1584.433172,1425.989855,1.469265,1.395801
2.260000,52.418889,294.778306,2.258921,1.181949,,3.440870,894.027636,49.998879,292.845168,1.185710,0.000000,0.040892,1.226602,-178.318868,276.967606,275.088630,0.000000,0.229981,0.229981,0.229981,34.308550,0.666114,0.141288,0.010348,27.743938,3152.445481,1606.894965,202.944511,4.714593,0.807401,1584.470603,1426.023543,1.469088,1.395633
2.280000,52.355599,294.724636,2.244407,1.183149,,3.427556,891.111736,49.998879,292.841315,1.182884,0.000000,0.041099,1.223983,-177.841863,276.373156,274.927210,0.000000,0.229773,0.229773,0.229773,34.258966,0.665668,0.141330,0.010351,27.730717,3152.139925,1605.935380,202.924713,4.710033,0.806998,1584.507294,1426.056564,1.468910,1.395465
2.300000,52.292367,294.670964,2.229919,1.184333,,3.414252,888.199851,49.998879,292.837438,1.180056,0.000000,0.041306,1.221362,-177.364728,275.779566,274.765754,0.000000,0.229566,0.229566,0.229566,34.209406,0.665222,0.141372,0.010355,27.717471,3151.831166,1604.974046,202.904761,4.705470,0.806594,1584.543247,1426.088923,1.468732,1.395296
2.320000,52.229192,294.617290,2.215455,1.185501,,3.400956,885.291982,49.998879,292.833537,1.177228,0.000000,0.041513,1.218741,-176.887460,275.186845,274.604266,0.000000,0.229359,0.229359,0.229359,34.159868,0.664776,0.141414,0.010359,27.704199,3151.519240,1604.010971,202.884660,4.700905,0.806190,1584.578449,1426.120604,1.468554,1.395127
2.340000,52.166073,294.563614,2.201016,1.186654,,3.387670,882.388123,49.998879,292.829613,1.174399,0.000000,0.041721,1.216119,-176.410060,274.594981,274.442741,0.000000,0.229152,0.229152,0.229152,34.110353,0.664329,0.141457,0.010362,27.690902,3151.204066,1603.046159,202.864405,4.696337,0.805786,1584.612900,1426.151610,1.468376,1.394957
2.360000,52.103012,294.509935,2.186601,1.187791,,3.374392,879.488270,49.998879,292.825665,1.171569,0.000000,0.041928,1.213497,-175.932527,274.003979,274.281181,0.000000,0.228945,0.228945,0.228945,34.060861,0.663881,0.141499,0.010366,27.677578,3150.885622,1602.079606,202.843998,4.691766,0.805381,1584.646594,1426.181935,1.468197,1.394787
2.380000,52.040007,294.456253,2.172212,1.188912,,3.361123,876.592421,49.998879,292.821693,1.168738,0.000000,0.042135,1.210873,-175.454859,273.413839,274.119587,0.000000,0.228737,0.228737,0.228737,34.011392,0.663434,0.141542,0.010369,27.664229,3150.563945,1601.111332,202.823439,4.687193,0.804976,1584.679516,1426.211565,1.468018,1.394617
2.400000,51.977058,294.402568,2.157846,1.190018,,3.347864,873.700572,49.998879,292.817697,1.165906,0.000000,0.042343,1.208249,-174.977058,272.824554,273.957957,0.000000,0.228530,0.228530,0.228530,33.961946,0.662986,0.141584,0.010373,27.650854,3150.238954,1600.141334,202.802728,4.682617,0.804570,1584.711669,1426.240502,1.467838,1.394446
2.420000,51.914165,294.348880,2.143505,1.191108,,3.334613,870.812721,49.998879,292.813672,1.163074,0.000000,0.042550,1.205624,-174.499134,272.236131,273.796294,0.000000,0.228322,0.228322,0.228322,33.912522,0.662537,0.141627,0.010377,27.637453,3149.910623,1599.169611,202.781862,4.678038,0.804164,1584.743044,1426.268739,1.467658,1.394275
2.440000,51.851327,294.295189,2.129188,1.192183,,3.321371,867.928863,49.998879,292.809629,1.160240,0.000000,0.042758,1.202998,-174.021060,271.648558,273.634592,0.000000,0.228115,0.228115,0.228115,33.863121,0.662088,0.141670,0.010380,27.624026,3149.579058,1598.196205,202.760847,4.673458,0.803758,1584.773619,1426.296257,1.467477,1.394104
2.460000,51.788545,294.241495,2.114895,1.193243,,3.308138,865.048995,49.998879,292.805557,1.157406,0.000000,0.042966,1.200372,-173.542863,271.061845,273.472857,0.000000,0.227907,0.227907,0.227907,33.813743,0.661639,0.141713,0.010384,27.610573,3149.244047,1597.221073,202.739676,4.668874,0.803351,1584.803412,1426.323071,1.467297,1.393932
2.480000,51.725818,294.187797,2.100626,1.194288,,3.294915,862.173115,49.998760,292.801456,1.154571,0.000000,0.043173,1.197744,-173.064534,270.475984,273.311085,0.000000,0.227699,0.227699,0.227699,33.764388,0.661189,0.141756,0.010388,27.597094,3148.905757,1596.244260,202.718355,4.664289,0.802945,1584.832392,1426.349153,1.467115,1.393760
2.500000,51.663146,294.134095,2.086381,1.195319,,3.281700,859.301218,49.998760,292.797336,1.151735,0.000000,0.043381,1.195116,-172.586062,269.890976,273.149278,0.000000,0.227491,0.227491,0.227491,33.715055,0.660739,0.141798,0.010391,27.583575,3148.564786,1595.265135,202.696896,4.659713,0.802537,1584.860482,1426.374434,1.466934,1.393587
2.520000,51.600529,294.080390,2.072160,1.196334,,3.268494,856.433303,49.998760,292.793188,1.148898,0.000000,0.043589,1.192487,-172.107463,269.306821,272.987434,0.000000,0.227284,0.227284,0.227284,33.665744,0.660288,0.141841,0.010395,27.570050,3148.219641,1594.285311,202.675270,4.655122,0.802130,1584.887844,1426.399059,1.466752,1.393415
2.540000,51.537967,294.026680,2.057963,1.197335,,3.255297,853.569365,49.998760,292.789015,1.146061,0.000000,0.043797,1.189858,-171.628724,268.723518,272.825555,0.000000,0.227076,0.227076,0.227076,33.616456,0.659837,0.141884,0.010399,27.556491,3147.871062,1593.303277,202.653486,4.650529,0.801722,1584.914389,1426.422950,1.466570,1.393242
2.560000,51.475458,293.972966,2.043789,1.198321,,3.242110,850.709401,49.998760,292.784819,1.143222,0.000000,0.044005,1.187227,-171.149844,268.141061,272.663637,0.000000,0.226867,0.226867,0.226867,33.567191,0.659386,0.141928,0.010402,27.542910,3147.519061,1592.319798,202.631552,4.645934,0.801314,1584.940100,1426.446090,1.466388,1.393068
2.580000,51.413003,293.919248,2.029638,1.199293,,3.228931,847.853408,49.998760,292.780594,1.140383,0.000000,0.044213,1.184596,-170.670836,267.559456,272.501684,0.000000,0.226659,0.226659,0.226659,33.517948,0.658934,0.141971,0.010406,27.529300,3147.163601,1591.334563,202.609464,4.641337,0.800905,1584.964973,1426.468476,1.466205,1.392895
2.600000,51.350603,293.865526,2.015511,1.200250,,3.215761,845.001383,49.998760,292.776346,1.137542,0.000000,0.044421,1.181964,-170.191685,266.978694,272.339693,0.000000,0.226451,0.226451,0.226451,33.468728,0.658482,0.142014,0.010410,27.515666,3146.804597,1590.347691,202.587220,4.636737,0.800496,1584.989008,1426.490108,1.466022,1.392720
2.620000,51.288256,293.811798,2.001408,1.201193,,3.202601,842.153323,49.998760,292.772073,1.134701,0.000000,0.044630,1.179331,-169.712391,266.398782,272.177666,0.000000,0.226243,0.226243,0.226243,33.419530,0.658030,0.142058,0.010414,27.502005,3146.442092,1589.359145,202.564823,4.632135,0.800087,1585.012192,1426.510973,1.465838,1.392546
2.640000,51.225962,293.758066,1.987327,1.202122,,3.189449,839.309225,49.998760,292.767772,1.131859,0.000000,0.044838,1.176697,-169.232966,265.819710,272.015599,0.000000,0.226035,0.226035,0.226035,33.370354,0.657577,0.142101,0.010417,27.488318,3146.076064,1588.368960,202.542273,4.627531,0.799678,1585.034517,1426.531065,1.465654,1.392371
2.660000,51.163721,293.704329,1.973270,1.203037,,3.176307,836.469085,49.998760,292.763442,1.129016,0.000000,0.045046,1.174063,-168.753409,265.241485,271.853497,0.000000,0.225826,0.225826,0.225826,33.321201,0.657123,0.142145,0.010421,27.474606,3145.706418,1587.377109,202.519566,4.622924,0.799268,1585.055983,1426.550385,1.465470,1.392197
2.680000,51.101533,293.650586,1.959235,1.203938,,3.163173,833.632900,49.998760,292.759094,1.126172,0.000000,0.045255,1.171427,-168.273694,264.664100,271.691356,0.000000,0.225618,0.225618,0.225618,33.272069,0.656670,0.142188,0.010425,27.460867,3145.333274,1586.383638,202.496708,4.618316,0.798858,1585.076571,1426.568914,1.465286,1.392021
2.700000,51.039397,293.596839,1.945224,1.204825,,3.150049,830.800667,49.998760,292.754716,1.123328,0.000000,0.045464,1.168791,-167.793845,264.087559,271.529176,0.000000,0.225409,0.225409,0.225409,33.222961,0.656216,0.142232,0.010429,27.447102,3144.956465,1585.388515,202.473693,4.613705,0.798448,1585.096286,1426.586657,1.465101,1.391846
2.720000,50.977314,293.543085,1.931235,1.205698,,3.136934,827.972383,49.998760,292.750310,1.120482,0.000000,0.045672,1.166154,-167.313862,263.511861,271.366962,0.000000,0.225200,0.225200,0.225200,33.173874,0.655761,0.142276,0.010432,27.433310,3144.576038,1584.391759,202.450524,4.609092,0.798037,1585.115115,1426.603604,1.464916,1.391670
2.740000,50.915283,293.489326,1.917269,1.206558,,3.123828,825.148044,49.998760,292.745876,1.117636,0.000000,0.045881,1.163517,-166.833743,262.936995,271.204705,0.000000,0.224992,0.224992,0.224992,33.124809,0.655307,0.142319,0.010436,27.419493,3144.191971,1583.393380,202.427200,4.604477,0.797626,1585.133052,1426.619747,1.464730,1.391494
2.760000,50.853303,293.435561,1.903326,1.207404,,3.110731,822.327649,49.998760,292.741417,1.114789,0.000000,0.046090,1.160878,-166.353476,262.362969,271.042411,0.000000,0.224783,0.224783,0.224783,33.075767,0.654851,0.142363,0.010440,27.405649,3143.804241,1582.393379,202.403721,4.599860,0.797215,1585.150090,1426.635081,1.464545,1.391318
2.780000,50.791376,293.381790,1.889406,1.208237,,3.097643,819.511194,49.998760,292.736935,1.111940,0.000000,0.046299,1.158239,-165.873059,261.789781,270.880078,0.000000,0.224574,0.224574,0.224574,33.026746,0.654396,0.142407,0.010444,27.391779,3143.412823,1581.391764,202.380088,4.595241,0.796803,1585.166222,1426.649600,1.464359,1.391141
2.800000,50.729499,293.328013,1.875508,1.209056,,3.084564,816.698675,49.998760,292.732424,1.109091,0.000000,0.046508,1.155599,-165.392504,261.217427,270.717705,0.000000,0.224365,0.224365,0.224365,32.977748,0.653940,0.142451,0.010448,27.377883,3143.017693,1580.388534,202.356299,4.590620,0.796391,1585.181441,1426.663297,1.464173,1.390964
2.820000,50.667674,293.274230,1.861632,1.209862,,3.071494,813.890089,49.998760,292.727885,1.106242,0.000000,0.046717,1.152958,-164.911811,260.645911,270.555295,0.000000,0.224156,0.224156,0.224156,32.928772,0.653484,0.142495,0.010452,27.363960,3142.618828,1579.383700,202.332355,4.585997,0.795979,1585.195740,1426.676166,1.463986,1.390787
2.840000,50.605900,293.220440,1.847779,1.210655,,3.058434,811.085433,49.998760,292.723317,1.103391,0.000000,0.046926,1.150316,-164.430979,260.075226,270.392844,0.000000,0.223947,0.223947,0.223947,32.879818,0.653027,0.142540,0.010455,27.350011,3142.216124,1578.377238,202.308252,4.581371,0.795567,1585.209074,1426.688167,1.463800,1.390610
2.860000,50.544176,293.166643,1.833948,1.211434,,3.045382,808.284704,49.998760,292.718720,1.100539,0.000000,0.047135,1.147674,-163.950006,259.505371,270.230353,0.000000,0.223738,0.223738,0.223738,32.830885,0.652570,0.142584,0.010459,27.336036,3141.809716,1577.369220,202.283997,4.576744,0.795154,1585.221513,1426.699361,1.463613,1.390432
2.880000,50.482503,293.112839,1.820139,1.212201,,3.032340,805.487899,49.998760,292.714095,1.097687,0.000000,0.047344,1.145031,-163.468892,258.936345,270.067821,0.000000,0.223528,0.223528,0.223528,32.781975,0.652113,0.142628,0.010463,27.322034,3141.399500,1576.359582,202.259586,4.572115,0.794741,1585.233011,1426.709710,1.463425,1.390254
2.900000,50.420880,293.059028,1.806352,1.212955,,3.019307,802.695016,49.998760,292.709445,1.094833,0.000000,0.047553,1.142387,-162.987624,258.368151,269.905250,0.000000,0.223319,0.223319,0.223319,32.733086,0.651655,0.142673,0.010467,27.308006,3140.985451,1575.348363,202.235018,4.567484,0.794327,1585.243561,1426.719205,1.463238,1.390076
2.920000,50.359307,293.005210,1.792587,1.213695,,3.006283,799.906052,49.998760,292.704768,1.091979,0.000000,0.047763,1.139742,-162.506213,257.800786,269.742639,0.000000,0.223110,0.223110,0.223110,32.684219,0.651197,0.142717,0.010471,27.293951,3140.567546,1574.335558,202.210295,4.562851,0.793914,1585.253158,1426.727842,1.463050,1.389898
2.940000,50.297784,292.951385,1.778845,1.214424,,2.993268,797.121002,49.998760,292.700061,1.089124,0.000000,0.047972,1.137096,-162.024658,257.234249,269.579988,0.000000,0.222900,0.222900,0.222900,32.635374,0.650738,0.142762,0.010475,27.279870,3140.145759,1573.321171,202.185414,4.558216,0.793500,1585.261793,1426.735613,1.462862,1.389719
2.960000,50.236310,292.897552,1.765124,1.215139,,2.980263,794.339864,49.998641,292.695321,1.086267,0.000000,0.048182,1.134449,-161.542966,256.668538,269.417295,0.000000,0.222691,0.222691,0.222691,32.586551,0.650279,0.142806,0.010479,27.265762,3139.720065,1572.305207,202.160377,4.553579,0.793086,1585.269459,1426.742514,1.462674,1.389540
2.980000,50.174885,292.843711,1.751425,1.215842,,2.967266,791.562635,49.998641,292.690563,1.083410,0.000000,0.048392,1.131802,-161.061110,256.103649,269.254561,0.000000,0.222481,0.222481,0.222481,32.537749,0.649820,0.142851,0.010483,27.251615,3139.291407,1571.287112,202.135208,4.548952,0.792671,1585.276121,1426.748509,1.462486,1.389361
3.000000,50.113509,292.789862,1.737747,1.216532,,2.954279,788.789312,49.998641,292.685775,1.080552,0.000000,0.048601,1.129154,-160.579108,255.539594,269.091789,0.000000,0.222271,0.222271,0.222271,32.488970,0.649361,0.142895,0.010486,27.237460,3138.857852,1570.268367,202.109860,4.544311,0.792256,1585.281827,1426.753645,1.462297,1.389182
3.020000,50.052182,292.736005,1.724091,1.217210,,2.941301,786.019891,49.998641,292.680959,1.077694,0.000000,0.048811,1.126505,-160.096959,254.976357,268.928973,0.000000,0.222061,0.222061,0.222061,32.440212,0.648901,0.142940,0.010490,27.223270,3138.420377,1569.247558,202.084353,4.539669,0.791841,1585.286550,1426.757895,1.462108,1.389003
3.040000,49.990904,292.682140,1.710457,1.217875,,2.928332,783.254369,49.998641,292.676114,1.074834,0.000000,0.049021,1.123855,-159.614662,254.413944,268.766117,0.000000,0.221852,0.221852,0.221852,32.391476,0.648441,0.142985,0.010494,27.209057,3137.978906,1568.225407,202.058690,4.535025,0.791426,1585.290274,1426.761246,1.461919,1.388823
3.060000,49.929674,292.628266,1.696844,1.218528,,2.915373,780.492745,49.998641,292.671236,1.071973,0.000000,0.049231,1.121204,-159.132229,253.852354,268.603220,0.000000,0.221642,0.221642,0.221642,32.342761,0.647980,0.143030,0.010498,27.194815,3137.533399,1567.201602,202.032869,4.530379,0.791010,1585.292996,1426.763696,1.461730,1.388643
3.080000,49.868492,292.574384,1.683253,1.219169,,2.902422,777.735016,49.998641,292.666330,1.069112,0.000000,0.049441,1.118553,-158.649646,253.291578,268.440279,0.000000,0.221432,0.221432,0.221432,32.294068,0.647519,0.143075,0.010502,27.180548,3137.083837,1566.176283,202.006890,4.525731,0.790594,1585.294707,1426.765236,1.461540,1.388463
3.100000,49.807357,292.520492,1.669683,1.219798,,2.889481,774.981176,49.998641,292.661395,1.066249,0.000000,0.049651,1.115901,-158.166913,252.731620,268.277295,0.000000,0.221221,0.221221,0.221221,32.245396,0.647058,0.143120,0.010506,27.166253,3136.630281,1565.149419,201.980755,4.521082,0.790178,1585.295400,1426.765860,1.461350,1.388283
3.120000,49.746271,292.466592,1.656134,1.220415,,2.876549,772.231225,49.998641,292.656426,1.063386,0.000000,0.049861,1.113247,-157.684040,252.172483,268.114271,0.000000,0.221011,0.221011,0.221011,32.196745,0.646597,0.143165,0.010510,27.151932,3136.172528,1564.120988,201.954459,4.516430,0.789762,1585.295071,1426.765564,1.461160,1.388102
3.140000,49.685231,292.412682,1.642607,1.221020,,2.863626,769.485158,49.998641,292.651429,1.060522,0.000000,0.050072,1.110594,-157.201014,251.614155,267.951201,0.000000,0.220801,0.220801,0.220801,32.148116,0.646135,0.143211,0.010514,27.137584,3135.710732,1563.091036,201.928008,4.511777,0.789345,1585.293710,1426.764339,1.460970,1.387922
3.160000,49.624239,292.358763,1.629100,1.221613,,2.850713,766.742975,49.998641,292.646403,1.057657,0.000000,0.050282,1.107939,-156.717836,251.056646,267.788090,0.000000,0.220591,0.220591,0.220591,32.099508,0.645672,0.143256,0.010518,27.123209,3135.244867,1562.059564,201.901400,4.507123,0.788928,1585.291310,1426.762179,1.460780,1.387741
3.180000,49.563293,292.304834,1.615615,1.222194,,2.837809,764.004671,49.998641,292.641348,1.054791,0.000000,0.050492,1.105283,-156.234503,250.499949,267.624935,0.000000,0.220380,0.220380,0.220380,32.050922,0.645210,0.143301,0.010522,27.108808,3134.774727,1561.026534,201.874630,4.502466,0.788511,1585.287866,1426.759080,1.460589,1.387560
3.200000,49.502395,292.250896,1.602151,1.222763,,2.824914,761.270243,49.998641,292.636265,1.051924,0.000000,0.050703,1.102627,-155.751016,249.944065,267.461736,0.000000,0.220170,0.220170,0.220170,32.002357,0.644747,0.143347,0.010526,27.094379,3134.300468,1559.991991,201.847704,4.497808,0.788094,1585.283370,1426.755033,1.460399,1.387379
3.220000,49.441542,292.196947,1.588707,1.223321,,2.812028,758.539688,49.998641,292.631153,1.049056,0.000000,0.050914,1.099970,-155.267372,249.388997,267.298496,0.000000,0.219959,0.219959,0.219959,31.953813,0.644284,0.143392,0.010530,27.079923,3133.822067,1558.955941,201.820621,4.493149,0.787676,1585.277816,1426.750035,1.460208,1.387198
3.240000,49.380736,292.142989,1.575285,1.223867,,2.799152,755.813004,49.998641,292.626008,1.046187,0.000000,0.051124,1.097311,-154.783584,248.834739,267.135212,0.000000,0.219748,0.219748,0.219748,31.905291,0.643820,0.143438,0.010534,27.065440,3133.339309,1557.918338,201.793376,4.488487,0.787258,1585.271196,1426.744077,1.460017,1.387016
3.260000,49.319976,292.089020,1.561883,1.224401,,2.786285,753.090188,49.998641,292.620830,1.043318,0.000000,0.051335,1.094653,-154.299650,248.281290,266.971883,0.000000,0.219538,0.219538,0.219538,31.856790,0.643356,0.143484,0.010538,27.050930,3132.852356,1556.879235,201.765973,4.483824,0.786840,1585.263504,1426.737154,1.459826,1.386834
3.280000,49.259261,292.035040,1.548502,1.224925,,2.773427,750.371238,49.998641,292.615623,1.040447,0.000000,0.051546,1.091993,-153.815558,247.728644,266.808509,0.000000,0.219327,0.219327,0.219327,31.808309,0.642892,0.143530,0.010542,27.036393,3132.361185,1555.838637,201.738414,4.479160,0.786421,1585.254733,1426.729260,1.459634,1.386653
3.300000,49.198592,291.981050,1.535142,1.225436,,2.760578,747.656148,49.998641,292.610387,1.037575,0.000000,0.051757,1.089332,-153.331305,247.176807,266.645090,0.000000,0.219116,0.219116,0.219116,31.759850,0.642427,0.143575,0.010547,27.021828,3131.865575,1554.789238,201.709749,4.474493,0.786003,1585.244876,1426.720388,1.459436,1.386464
3.320000,49.137968,291.927049,1.521802,1.225937,,2.747739,744.944919,49.998641,292.605118,1.034703,0.000000,0.051968,1.086671,-152.846905,246.625781,266.481629,0.000000,0.218905,0.218905,0.218905,31.711413,0.641962,0.143621,0.010551,27.007237,3131.365793,1553.745529,201.681858,4.469826,0.785584,1585.233927,1426.710534,1.459244,1.386282
3.340000,49.077389,291.873037,1.508483,1.226426,,2.734909,742.237545,49.998641,292.599816,1.031830,0.000000,0.052179,1.084009,-152.362355,246.075553,266.318120,0.000000,0.218694,0.218694,0.218694,31.662996,0.641497,0.143667,0.010555,26.992618,3130.861519,1552.700284,201.653803,4.465156,0.785164,1585.221877,1426.699689,1.459053,1.386100
3.360000,49.016855,291.819013,1.495185,1.226904,,2.722088,739.534025,49.998641,292.594485,1.028955,0.000000,0.052390,1.081346,-151.877642,245.526130,266.154566,0.000000,0.218482,0.218482,0.218482,31.614600,0.641031,0.143713,0.010559,26.977972,3130.352922,1551.653554,201.625590,4.460485,0.784745,1585.208721,1426.687849,1.458860,1.385917
3.380000,48.956365,291.764978,1.481906,1.227371,,2.709277,736.834356,49.998581,292.589120,1.026080,0.000000,0.052601,1.078682,-151.392776,244.977512,265.990968,0.000000,0.218271,0.218271,0.218271,31.566225,0.640565,0.143760,0.010563,26.963299,3129.839978,1550.605344,201.597218,4.455813,0.784325,1585.194454,1426.675008,1.458668,1.385735
3.400000,48.895920,291.710931,1.468648,1.227827,,2.696475,734.138534,49.998581,292.583722,1.023204,0.000000,0.052813,1.076017,-150.907760,244.429695,265.827325,0.000000,0.218060,0.218060,0.218060,31.517871,0.640099,0.143806,0.010567,26.948592,3129.323154,1549.555381,201.568701,4.451145,0.783905,1585.179080,1426.661172,1.458476,1.385552
3.420000,48.835518,291.656872,1.455411,1.228272,,2.683682,731.446557,49.998522,292.578296,1.020327,0.000000,0.053024,1.073351,-150.422576,243.882677,265.663635,0.000000,0.217848,0.217848,0.217848,31.469537,0.639633,0.143852,0.010571,26.933866,3128.801247,1548.504340,201.540009,4.446469,0.783485,1585.162563,1426.646307,1.458284,1.385370
3.440000,48.775160,291.602801,1.442194,1.228705,,2.670899,728.758423,49.998522,292.572841,1.017449,0.000000,0.053236,1.070685,-149.937230,243.336460,265.499899,0.000000,0.217637,0.217637,0.217637,31.421225,0.639166,0.143898,0.010575,26.919103,3128.275509,1547.451330,201.511171,4.441798,0.783064,1585.144935,1426.630441,1.458091,1.385187
3.460000,48.714846,291.548718,1.428997,1.229129,,2.658125,726.074127,49.998522,292.567348,1.014570,0.000000,0.053447,1.068017,-149.451741,242.791043,265.336117,0.000000,0.217425,0.217425,0.217425,31.372934,0.638699,0.143944,0.010579,26.904323,3127.744628,1546.397354,201.482157,4.437119,0.782643,1585.126147,1426.613532,1.457899,1.385004
3.480000,48.654576,291.494623,1.415820,1.229541,,2.645361,723.393669,49.998522,292.561826,1.011690,0.000000,0.053659,1.065349,-148.966084,242.246421,265.172289,0.000000,0.217214,0.217214,0.217214,31.324664,0.638231,0.143991,0.010584,26.889511,3127.209255,1545.341616,201.452982,4.432439,0.782222,1585.106217,1426.595596,1.457706,1.384821
3.500000,48.594348,291.440515,1.402663,1.229943,,2.632605,720.717044,49.998522,292.556266,1.008810,0.000000,0.053871,1.062680,-148.480281,241.702597,265.008414,0.000000,0.217002,0.217002,0.217002,31.276414,0.637763,0.144038,0.010588,26.874673,3126.669384,1544.284543,201.423649,4.427758,0.781801,1585.085135,1426.576621,1.457513,1.384637
3.520000,48.534163,291.386393,1.389526,1.230334,,2.619859,718.044249,49.998522,292.550678,1.005928,0.000000,0.054082,1.060010,-147.994308,241.159562,264.844490,0.000000,0.216790,0.216790,0.216790,31.228185,0.637295,0.144084,0.010592,26.859807,3126.124874,1543.225927,201.394152,4.423075,0.781379,1585.062892,1426.556603,1.457320,1.384454
3.540000,48.474021,291.332259,1.376409,1.230714,,2.607123,715.375284,49.998522,292.545051,1.003045,0.000000,0.054294,1.057340,-147.508188,240.617324,264.680520,0.000000,0.216578,0.216578,0.216578,31.179976,0.636827,0.144131,0.010596,26.844914,3125.575808,1542.165874,201.364495,4.418391,0.780958,1585.039485,1426.535536,1.457127,1.384271
3.560000,48.413921,291.278112,1.363312,1.231084,,2.594396,712.710144,49.998522,292.539396,1.000162,0.000000,0.054506,1.054668,-147.021896,240.075876,264.516502,0.000000,0.216366,0.216366,0.216366,31.131788,0.636358,0.144178,0.010601,26.829992,3125.022051,1541.104331,201.334675,4.413705,0.780536,1585.014903,1426.513412,1.456934,1.384087
3.580000,48.353863,291.223950,1.350235,1.231443,,2.581678,710.048827,49.998522,292.533702,0.997277,0.000000,0.054719,1.051996,-146.535454,239.535223,264.352438,0.000000,0.216154,0.216154,0.216154,31.083621,0.635889,0.144225,0.010605,26.815043,3124.463683,1540.041337,201.304695,4.409018,0.780114,1584.989144,1426.490229,1.456740,1.383903
3.600000,48.293847,291.169776,1.337178,1.231792,,2.568970,707.391331,49.998522,292.527980,0.994392,0.000000,0.054931,1.049323,-146.048839,238.995356,264.188324,0.000000,0.215942,0.215942,0.215942,31.035474,0.635419,0.144272,0.010609,26.800066,3123.900567,1538.976864,201.274551,4.404329,0.779691,1584.962196,1426.465977,1.456547,1.383720
3.620000,48.233873,291.115587,1.324140,1.232131,,2.556271,704.737652,49.998522,292.522220,0.991506,0.000000,0.055143,1.046648,-145.562072,238.456281,264.024162,0.000000,0.215730,0.215730,0.215730,30.987348,0.634950,0.144319,0.010613,26.785062,3123.332788,1537.910944,201.244247,4.399639,0.779268,1584.934059,1426.440653,1.456354,1.383536
3.640000,48.173941,291.061384,1.311122,1.232459,,2.543581,702.087788,49.998522,292.516431,0.988618,0.000000,0.055355,1.043973,-145.075130,237.917990,263.859950,0.000000,0.215517,0.215517,0.215517,30.939242,0.634480,0.144366,0.010617,26.770029,3122.760318,1536.843575,201.213781,4.394948,0.778845,1584.904725,1426.414252,1.456160,1.383352
3.660000,48.114049,291.007168,1.298124,1.232777,,2.530901,699.441737,49.998522,292.510604,0.985730,0.000000,0.055568,1.041298,-144.588034,237.380492,263.695693,0.000000,0.215305,0.215305,0.215305,30.891157,0.634009,0.144413,0.010622,26.754968,3122.183018,1535.774737,201.183151,4.390255,0.778422,1584.874183,1426.386765,1.455966,1.383168
3.680000,48.054198,290.952936,1.285145,1.233085,,2.518230,696.799494,49.998522,292.504744,0.982841,0.000000,0.055780,1.038621,-144.100772,236.843775,263.531383,0.000000,0.215092,0.215092,0.215092,30.843092,0.633539,0.144460,0.010626,26.739880,3121.600974,1534.704459,201.152360,4.385561,0.777999,1584.842433,1426.358189,1.455773,1.382984
3.700000,47.994389,290.898690,1.272186,1.233383,,2.505569,694.161058,49.998522,292.498850,0.979951,0.000000,0.055993,1.035943,-143.613343,236.307844,263.367026,0.000000,0.214880,0.214880,0.214880,30.795047,0.633068,0.144507,0.010630,26.724763,3121.014158,1533.632737,201.121407,4.380866,0.777575,1584.809467,1426.328520,1.455579,1.382800
3.720000,47.934619,290.844428,1.259246,1.233670,,2.492917,691.526427,49.998522,292.492918,0.977059,0.000000,0.056206,1.033265,-143.125757,235.772699,263.202620,0.000000,0.214667,0.214667,0.214667,30.747023,0.632596,0.144555,0.010635,26.709619,3120.422429,1532.559552,201.090289,4.376169,0.777151,1584.775274,1426.297747,1.455385,1.382616
3.740000,47.874890,290.790152,1.246326,1.233948,,2.480274,688.895597,49.998522,292.486953,0.974167,0.000000,0.056418,1.030586,-142.638001,235.238333,263.038163,0.000000,0.214454,0.214454,0.214454,30.699019,0.632125,0.144602,0.010639,26.694446,3119.825873,1531.484932,201.059009,4.371471,0.776727,1584.739853,1426.265868,1.455191,1.382432
3.760000,47.815201,290.735861,1.233425,1.234216,,2.467641,686.268567,49.998462,292.480955,0.971274,0.000000,0.056631,1.027906,-142.150073,234.704747,262.873655,0.000000,0.214241,0.214241,0.214241,30.651035,0.631653,0.144650,0.010643,26.679245,3119.224465,1530.408879,201.027567,4.366772,0.776303,1584.703199,1426.232879,1.454997,1.382248
3.780000,47.755552,290.681553,1.220544,1.234473,,2.455017,683.645332,49.998462,292.474918,0.968380,0.000000,0.056844,1.025225,-141.661988,234.171945,262.709098,0.000000,0.214028,0.214028,0.214028,30.603071,0.631181,0.144697,0.010648,26.664010,3118.618764,1529.331145,200.995977,4.362077,0.775878,1584.665341,1426.198807,1.454804,1.382063
3.800000,47.695942,290.627230,1.207682,1.234721,,2.442403,681.025891,49.998462,292.468843,0.965486,0.000000,0.057057,1.022543,-141.173742,233.639919,262.544490,0.000000,0.213815,0.213815,0.213815,30.555128,0.630708,0.144745,0.010652,26.648755,3118.007462,1528.252366,200.964208,4.357375,0.775453,1584.626193,1426.163574,1.454610,1.381879
3.820000,47.636371,290.572891,1.194839,1.234960,,2.429799,678.410242,49.998402,292.462735,0.962590,0.000000,0.057270,1.019860,-140.685320,233.108669,262.379830,0.000000,0.213602,0.213602,0.213602,30.507204,0.630236,0.144793,0.010656,26.633468,3117.391215,1527.171926,200.932274,4.352672,0.775028,1584.585796,1426.127216,1.454416,1.381695
3.840000,47.576840,290.518536,1.182015,1.235188,,2.417203,675.798380,49.998402,292.456593,0.959693,0.000000,0.057484,1.017176,-140.196727,232.578202,262.215123,0.000000,0.213389,0.213389,0.213389,30.459301,0.629762,0.144840,0.010661,26.618149,3116.770613,1526.089917,200.900193,4.347973,0.774603,1584.544180,1426.089762,1.454222,1.381510
3.860000,47.517347,290.464164,1.169211,1.235407,,2.404618,673.190304,49.998402,292.450413,0.956795,0.000000,0.057697,1.014492,-139.707970,232.048508,262.050361,0.000000,0.213176,0.213176,0.213176,30.411418,0.629289,0.144888,0.010665,26.602809,3116.144306,1525.006816,200.867932,4.343267,0.774177,1584.501253,1426.051127,1.454027,1.381326
3.880000,47.457893,290.409776,1.156425,1.235616,,2.392041,670.586012,49.998402,292.444195,0.953896,0.000000,0.057910,1.011807,-139.219047,231.519588,261.885549,0.000000,0.212962,0.212962,0.212962,30.363555,0.628815,0.144936,0.010670,26.587438,3115.512973,1523.922083,200.835504,4.338560,0.773752,1584.457058,1426.011352,1.453833,1.381142
3.900000,47.398478,290.355371,1.143659,1.235815,,2.379474,667.985501,49.998402,292.437939,0.950997,0.000000,0.058124,1.009120,-138.729958,230.991441,261.720684,0.000000,0.212749,0.212749,0.212749,30.315712,0.628341,0.144984,0.010674,26.572039,3114.876600,1522.836025,200.802914,4.333852,0.773326,1584.411586,1425.970427,1.453639,1.380957
3.920000,47.339100,290.300949,1.130912,1.236005,,2.366917,665.388769,49.998402,292.431645,0.948096,0.000000,0.058337,1.006433,-138.240702,230.464063,261.555766,0.000000,0.212535,0.212535,0.212535,30.267888,0.627867,0.145033,0.010678,26.556611,3114.235152,1521.748508,200.770159,4.329143,0.772900,1584.364833,1425.928350,1.453445,1.380773
3.940000,47.279760,290.246510,1.118183,1.236186,,2.354369,662.795811,49.998402,292.425312,0.945194,0.000000,0.058551,1.003745,-137.751276,229.937458,261.390796,0.000000,0.212322,0.212322,0.212322,30.220085,0.627392,0.145081,0.010683,26.541155,3113.588478,1520.659559,200.737237,4.324432,0.772473,1584.316784,1425.885105,1.453250,1.380588
3.960000,47.220458,290.192053,1.105474,1.236357,,2.341831,660.206628,49.998402,292.418947,0.942292,0.000000,0.058765,1.001057,-137.261670,229.411620,261.225773,0.000000,0.212108,0.212108,0.212108,30.172301,0.626917,0.145129,0.010687,26.525670,3112.936804,1519.569220,200.704154,4.319721,0.772046,1584.267451,1425.840706,1.453056,1.380403
3.980000,47.161194,290.137578,1.092783,1.236519,,2.329302,657.621216,49.998402,292.412543,0.939388,0.000000,0.058979,0.998367,-136.771893,228.886555,261.060699,0.000000,0.211894,0.211894,0.211894,30.124537,0.626442,0.145178,0.010692,26.510157,3112.279846,1518.477436,200.670903,4.315008,0.771620,1584.216809,1425.795128,1.452862,1.380219
4.000000,47.101966,290.083086,1.080112,1.236671,,2.316783,655.039571,49.998402,292.406105,0.936484,0.000000,0.059192,0.995676,-136.281934,228.362258,260.895570,0.000000,0.211680,0.211680,0.211680,30.076792,0.625967,0.145226,0.010696,26.494614,3111.617572,1517.384210,200.637482,4.310293,0.771193,1584.164853,1425.748368,1.452668,1.380034
4.020000,47.042776,290.028575,1.067459,1.236814,,2.304273,652.461693,49.998402,292.399625,0.933578,0.000000,0.059406,0.992985,-135.791812,227.838729,260.730389,0.000000,0.211466,0.211466,0.211466,30.029068,0.625491,0.145275,0.010701,26.479044,3110.950218,1516.289604,200.603901,4.305578,0.770765,1584.111597,1425.700438,1.452473,1.379850
4.040000,46.983622,289.974046,1.054825,1.236948,,2.291773,649.887576,49.998402,292.393107,0.930672,0.000000,0.059621,0.990292,-135.301517,227.315963,260.565154,0.000000,0.211252,0.211252,0.211252,29.981363,0.625015,0.145323,0.010705,26.463444,3110.277492,1515.193555,200.570150,4.300861,0.770338,1584.057015,1425.651314,1.452279,1.379665
4.060000,46.924505,289.919498,1.042209,1.237073,,2.279282,647.317222,49.998402,292.386546,0.927764,0.000000,0.059835,0.987599,-134.811056,226.793961,260.399863,0.000000,0.211038,0.211038,0.211038,29.933678,0.624538,0.145372,0.010710,26.447816,3109.599633,1514.096131,200.536238,4.296144,0.769910,1584.001122,1425.601010,1.452085,1.379480
4.080000,46.865423,289.864931,1.029612,1.237188,,2.266801,644.750626,49.998402,292.379946,0.924856,0.000000,0.060049,0.984905,-134.320419,226.272721,260.234519,0.000000,0.210824,0.210824,0.210824,29.886012,0.624061,0.145421,0.010714,26.432158,3108.916343,1512.997263,200.502155,4.291425,0.769482,1583.943892,1425.549503,1.451890,1.379296
4.100000,46.806378,289.810345,1.017034,1.237295,,2.254329,642.187785,49.998343,292.373309,0.921947,0.000000,0.060263,0.982210,-133.829602,225.752242,260.069120,0.000000,0.210609,0.210609,0.210609,29.838366,0.623584,0.145469,0.010719,26.416472,3108.227729,1511.896995,200.467907,4.286705,0.769054,1583.885330,1425.496797,1.451696,1.379111
4.120000,46.747369,289.755741,1.004475,1.237392,,2.241867,639.628699,49.998343,292.366633,0.919036,0.000000,0.060478,0.979514,-133.338609,225.232525,259.903665,0.000000,0.210395,0.210395,0.210395,29.790739,0.623107,0.145518,0.010723,26.400752,3107.534441,1510.795083,200.433510,4.281989,0.768625,1583.825489,1425.442940,1.451502,1.378927
4.140000,46.688394,289.701116,0.991934,1.237480,,2.229414,637.073363,49.998343,292.359919,0.916125,0.000000,0.060692,0.976817,-132.847437,224.713567,259.738156,0.000000,0.210180,0.210180,0.210180,29.743132,0.622629,0.145567,0.010728,26.385010,3106.835110,1509.692161,200.398931,4.277267,0.768196,1583.764246,1425.387821,1.451307,1.378742
4.160000,46.629456,289.646472,0.979411,1.237560,,2.216971,634.521776,49.998283,292.353167,0.913213,0.000000,0.060907,0.974120,-132.356081,224.195372,259.572592,0.000000,0.209965,0.209965,0.209965,29.695545,0.622151,0.145616,0.010733,26.369236,3106.130219,1508.587567,200.364178,4.272543,0.767768,1583.701645,1425.331480,1.451113,1.378557
4.180000,46.570552,289.591807,0.966907,1.237630,,2.204538,631.973935,49.998283,292.346372,0.910299,0.000000,0.061122,0.971421,-131.864558,223.677936,259.406973,0.000000,0.209751,0.209751,0.209751,29.647976,0.621673,0.145665,0.010737,26.353430,3105.420733,1507.481492,200.329282,4.267824,0.767338,1583.637765,1425.273988,1.450919,1.378373
4.200000,46.511683,289.537123,0.954422,1.237692,,2.192114,629.429838,49.998283,292.339534,0.907385,0.000000,0.061337,0.968722,-131.372861,223.161251,259.241296,0.000000,0.209536,0.209536,0.209536,29.600427,0.621195,0.145714,0.010742,26.337600,3104.704955,1506.374301,200.294198,4.263098,0.766909,1583.572451,1425.215206,1.450725,1.378188
4.220000,46.452848,289.482418,0.941955,1.237745,,2.179700,626.889483,49.998283,292.332658,0.904470,0.000000,0.061552,0.966021,-130.880980,222.645322,259.075563,0.000000,0.209321,0.209321,0.209321,29.552898,0.620716,0.145764,0.010746,26.321739,3103.983821,1505.265557,200.258948,4.258372,0.766479,1583.505789,1425.155210,1.450530,1.378004
4.240000,46.394048,289.427692,0.929506,1.237789,,2.167295,624.352867,49.998283,292.325744,0.901553,0.000000,0.061767,0.963320,-130.388913,222.130150,258.909774,0.000000,0.209106,0.209106,0.209106,29.505387,0.620237,0.145813,0.010751,26.305850,3103.257025,1504.155457,200.223527,4.253644,0.766050,1583.437744,1425.093970,1.450336,1.377819
4.260000,46.335282,289.372945,0.917076,1.237824,,2.154900,621.819988,49.998283,292.318782,0.898636,0.000000,0.061982,0.960618,-129.896681,221.615734,258.743931,0.000000,0.208891,0.208891,0.208891,29.457896,0.619757,0.145862,0.010756,26.289932,3102.524678,1503.043923,200.187938,4.248915,0.765620,1583.368326,1425.031494,1.450142,1.377635
4.280000,46.276549,289.318177,0.904663,1.237851,,2.142514,619.290843,49.998283,292.311782,0.895718,0.000000,0.062197,0.957915,-129.404261,221.102060,258.578024,0.000000,0.208676,0.208676,0.208676,29.410424,0.619277,0.145912,0.010760,26.273984,3101.786755,1501.931006,200.152181,4.244185,0.765189,1583.297530,1424.967777,1.449948,1.377450
4.300000,46.217851,289.263388,0.892269,1.237869,,2.130138,616.765429,49.998283,292.304744,0.892799,0.000000,0.062412,0.955211,-128.911651,220.589144,258.412065,0.000000,0.208460,0.208460,0.208460,29.362971,0.618797,0.145962,0.010765,26.258006,3101.043076,1500.816644,200.116250,4.239453,0.764759,1583.225335,1424.902802,1.449754,1.377266
4.320000,46.159185,289.208577,0.879894,1.237878,,2.117772,614.243747,49.998283,292.297658,0.889879,0.000000,0.062628,0.952506,-128.418873,220.076977,258.246046,0.000000,0.208245,0.208245,0.208245,29.315537,0.618317,0.146011,0.010770,26.242000,3100.293911,1499.700930,200.080156,4.234721,0.764328,1583.151766,1424.836590,1.449559,1.377081
4.340000,46.100553,289.153744,0.867536,1.237879,,2.105415,611.725791,49.998283,292.290534,0.886957,0.000000,0.062843,0.949800,-127.925903,219.565557,258.079970,0.000000,0.208029,0.208029,0.208029,29.268122,0.617836,0.146061,0.010774,26.225964,3099.539084,1498.583810,200.043892,4.229988,0.763897,1583.076805,1424.769124,1.449365,1.376897
4.360000,46.041953,289.098889,0.855197,1.237871,,2.093068,609.211562,49.998283,292.283363,0.884035,0.000000,0.063059,0.947094,-127.432761,219.054886,257.913835,0.000000,0.207814,0.207814,0.207814,29.220726,0.617355,0.146111,0.010779,26.209899,3098.778566,1497.465290,200.007459,4.225254,0.763466,1583.000446,1424.700401,1.449171,1.376713
4.380000,45.983386,289.044012,0.842876,1.237855,,2.080731,606.701055,49.998283,292.276153,0.881112,0.000000,0.063274,0.944386,-126.939424,218.544959,257.747641,0.000000,0.207598,0.207598,0.207598,29.173349,0.616874,0.146161,0.010784,26.193804,3098.012175,1496.345341,199.970852,4.220518,0.763035,1582.922669,1424.630402,1.448977,1.376528
4.400000,45.924851,288.989112,0.830573,1.237830,,2.068403,604.194270,49.998224,292.268896,0.878188,0.000000,0.063490,0.941678,-126.445911,218.035779,257.581388,0.000000,0.207382,0.207382,0.207382,29.125991,0.616393,0.146211,0.010789,26.177680,3097.240191,1495.224036,199.934080,4.215782,0.762603,1582.843501,1424.559151,1.448783,1.376344
4.420000,45.866349,288.934189,0.818288,1.237797,,2.056084,601.691203,49.998224,292.261600,0.875262,0.000000,0.063706,0.938968,-125.952205,217.527339,257.415074,0.000000,0.207167,0.207167,0.207167,29.078651,0.615911,0.146261,0.010793,26.161521,3096.463039,1494.101073,199.897152,4.211049,0.762171,1582.762986,1424.486688,1.448589,1.376160
4.440000,45.807878,288.879243,0.806020,1.237755,,2.043776,599.191852,49.998224,292.254257,0.872336,0.000000,0.063922,0.936258,-125.458322,217.019648,257.248703,0.000000,0.206951,0.206951,0.206951,29.031331,0.615429,0.146311,0.010798,26.145340,3095.679487,1492.977124,199.860042,4.206311,0.761740,1582.680991,1424.412892,1.448395,1.375976
4.460000,45.749439,288.824274,0.793771,1.237706,,2.031477,596.696214,49.998164,292.246866,0.869409,0.000000,0.064138,0.933547,-124.964258,216.512695,257.082271,0.000000,0.206735,0.206735,0.206735,28.984029,0.614946,0.146361,0.010803,26.129126,3094.889934,1491.851511,199.822754,4.201571,0.761307,1582.597562,1424.337805,1.448202,1.375791
4.480000,45.691031,288.769281,0.781540,1.237647,,2.019188,594.204289,49.998164,292.239437,0.866481,0.000000,0.064354,0.930835,-124.469997,216.006479,256.915776,0.000000,0.206518,0.206518,0.206518,28.936746,0.614464,0.146411,0.010808,26.112880,3094.095466,1490.724442,199.785321,4.196836,0.760875,1582.512809,1424.261528,1.448008,1.375607
4.500000,45.632655,288.714264,0.769327,1.237581,,2.006908,591.716074,49.998164,292.231960,0.863552,0.000000,0.064570,0.928122,-123.975555,215.501009,256.749224,0.000000,0.206302,0.206302,0.206302,28.889482,0.613981,0.146462,0.010813,26.096609,3093.294175,1489.596232,199.747693,4.192094,0.760442,1582.426525,1424.183873,1.447814,1.375423
4.520000,45.574309,288.659223,0.757132,1.237507,,1.994638,589.231565,49.998164,292.224435,0.860621,0.000000,0.064787,0.925408,-123.480931,214.996274,256.582610,0.000000,0.206086,0.206086,0.206086,28.842236,0.613497,0.146512,0.010817,26.080307,3092.486957,1488.466451,199.709891,4.187351,0.760009,1582.338810,1424.104929,1.447620,1.375239
4.540000,45.515994,288.604158,0.744954,1.237424,,1.982378,586.750762,49.998164,292.216863,0.857690,0.000000,0.065003,0.922693,-122.986123,214.492276,256.415935,0.000000,0.205869,0.205869,0.205869,28.795008,0.613013,0.146563,0.010822,26.063975,3091.673794,1487.335350,199.671919,4.182607,0.759576,1582.249657,1424.024691,1.447427,1.375055
4.560000,45.457710,288.549068,0.732794,1.237333,,1.970127,584.273662,49.998164,292.209253,0.854758,0.000000,0.065220,0.919978,-122.491110,213.989009,256.249195,0.000000,0.205653,0.205653,0.205653,28.747799,0.612530,0.146613,0.010827,26.047614,3090.854819,1486.202853,199.633780,4.177863,0.759143,1582.159081,1423.943173,1.447233,1.374871
4.580000,45.399455,288.493953,0.720652,1.237234,,1.957886,581.800262,49.998164,292.201595,0.851825,0.000000,0.065436,0.917261,-121.995912,213.486483,256.082396,0.000000,0.205436,0.205436,0.205436,28.700609,0.612045,0.146664,0.010832,26.031223,3090.029675,1485.068929,199.595463,4.173117,0.758709,1582.067042,1423.860338,1.447039,1.374687
4.600000,45.341230,288.438813,0.708528,1.237127,,1.945655,579.330562,49.998164,292.193889,0.848890,0.000000,0.065653,0.914543,-121.500526,212.984692,255.915536,0.000000,0.205219,0.205219,0.205219,28.653437,0.611561,0.146715,0.010837,26.014802,3089.198499,1483.933606,199.556974,4.168370,0.758275,1581.973553,1423.776198,1.446846,1.374504
4.620000,45.283035,288.383647,0.696422,1.237012,,1.933434,576.864559,49.998164,292.186136,0.845955,0.000000,0.065870,0.911825,-121.004951,212.483631,255.748612,0.000000,0.205003,0.205003,0.205003,28.606284,0.611076,0.146765,0.010842,25.998351,3088.361261,1482.796888,199.518312,4.163622,0.757841,1581.878611,1423.690750,1.446652,1.374320
4.640000,45.224870,288.328456,0.684333,1.236889,,1.921222,574.402250,49.998164,292.178335,0.843019,0.000000,0.066087,0.909106,-120.509186,211.983301,255.581625,0.000000,0.204786,0.204786,0.204786,28.559149,0.610591,0.146816,0.010847,25.981870,3087.517934,1481.658767,199.479478,4.158873,0.757407,1581.782213,1423.603992,1.446459,1.374136
4.660000,45.166733,288.273239,0.672262,1.236757,,1.909020,571.943633,49.998164,292.170486,0.840081,0.000000,0.066304,0.906385,-120.013229,211.483699,255.414573,0.000000,0.204569,0.204569,0.204569,28.512031,0.610105,0.146867,0.010852,25.965359,3086.668659,1480.519287,199.440475,4.154124,0.756972,1581.684373,1423.515936,1.446266,1.373952
4.680000,45.108626,288.217995,0.660209,1.236618,,1.896827,569.488706,49.998104,292.162589,0.837143,0.000000,0.066521,0.903664,-119.517076,210.984827,255.247459,0.000000,0.204351,0.204351,0.204351,28.464933,0.609619,0.146918,0.010857,25.948818,3085.813068,1479.378354,199.401293,4.149373,0.756538,1581.585050,1423.426545,1.446072,1.373769
4.700000,45.050547,288.162726,0.648173,1.236472,,1.884645,567.037468,49.998104,292.154645,0.834204,0.000000,0.066738,0.900942,-119.020733,210.486685,255.080282,0.000000,0.204134,0.204134,0.204134,28.417852,0.609133,0.146969,0.010862,25.932242,3084.952155,1478.235835,199.361959,4.144626,0.756103,1581.484361,1423.335925,1.445879,1.373585
4.720000,44.992496,288.107429,0.636155,1.236317,,1.872472,564.589916,49.998104,292.146654,0.831263,0.000000,0.066956,0.898219,-118.524194,209.989267,254.913039,0.000000,0.203917,0.203917,0.203917,28.370790,0.608647,0.147021,0.010867,25.915644,3084.084198,1477.092244,199.322431,4.139873,0.755668,1581.382099,1423.243889,1.445686,1.373402
4.740000,44.934474,288.052105,0.624154,1.236154,,1.860309,562.146048,49.998045,292.138614,0.828322,0.000000,0.067173,0.895495,-118.027456,209.492577,254.745733,0.000000,0.203699,0.203699,0.203699,28.323745,0.608160,0.147072,0.010872,25.899011,3083.210001,1475.947047,199.282727,4.135119,0.755232,1581.278364,1423.150528,1.445493,1.373218
4.760000,44.876480,287.996754,0.612171,1.235984,,1.848155,559.705863,49.998045,292.130527,0.825379,0.000000,0.067391,0.892770,-117.530522,208.996614,254.578363,0.000000,0.203482,0.203482,0.203482,28.276719,0.607673,0.147123,0.010877,25.882346,3082.330599,1474.800388,199.242876,4.130370,0.754796,1581.173278,1423.055950,1.445300,1.373035
4.780000,44.818513,287.941376,0.600206,1.235806,,1.836011,557.269358,49.998045,292.122392,0.822436,0.000000,0.067608,0.890044,-117.033390,208.501372,254.410926,0.000000,0.203264,0.203264,0.203264,28.229711,0.607186,0.147175,0.010882,25.865657,3081.443870,1473.652559,199.202824,4.125614,0.754360,1581.066583,1422.959925,1.445107,1.372851
4.800000,44.760574,287.885970,0.588258,1.235620,,1.823877,554.836532,49.998045,292.114200,0.819491,0.000000,0.067826,0.887317,-116.536075,208.006855,254.243424,0.000000,0.203047,0.203047,0.203047,28.182721,0.606698,0.147226,0.010887,25.848934,3080.550818,1472.503159,199.162594,4.120857,0.753924,1580.958405,1422.862565,1.444914,1.372668
4.820000,44.702662,287.830536,0.576327,1.235426,,1.811753,552.407381,49.998045,292.105960,0.816546,0.000000,0.068044,0.884589,-116.038557,207.513053,254.075855,0.000000,0.202829,0.202829,0.202829,28.135749,0.606210,0.147278,0.010892,25.832183,3079.651425,1471.352430,199.122190,4.116099,0.753488,1580.848738,1422.763865,1.444721,1.372485
4.840000,44.644777,287.775073,0.564414,1.235225,,1.799639,549.981905,49.998045,292.097673,0.813599,0.000000,0.068262,0.881861,-115.540836,207.019975,253.908220,0.000000,0.202611,0.202611,0.202611,28.088794,0.605722,0.147330,0.010897,25.815401,3078.745841,1470.200293,199.081615,4.111341,0.753051,1580.737603,1422.663843,1.444528,1.372301
4.860000,44.586918,287.719582,0.552518,1.235016,,1.787534,547.560102,49.998045,292.089338,0.810651,0.000000,0.068480,0.879131,-115.042910,206.527614,253.740518,0.000000,0.202393,0.202393,0.202393,28.041857,0.605233,0.147381,0.010902,25.798588,3077.833675,1469.046715,199.040858,4.106581,0.752615,1580.624952,1422.562457,1.444335,1.372118
4.880000,44.529086,287.664061,0.540639,1.234800,,1.775439,545.141968,49.998045,292.080945,0.807703,0.000000,0.068698,0.876401,-114.544796,206.035975,253.572751,0.000000,0.202175,0.202175,0.202175,27.994939,0.604744,0.147433,0.010907,25.781746,3076.915081,1467.891732,198.999925,4.101820,0.752178,1580.510803,1422.459723,1.444142,1.371935
4.900000,44.471280,287.608512,0.528778,1.234576,,1.763354,542.727502,49.998045,292.072505,0.804753,0.000000,0.068916,0.873669,-114.046474,205.545047,253.404914,0.000000,0.201956,0.201956,0.201956,27.948037,0.604255,0.147485,0.010912,25.764872,3075.990030,1466.735329,198.958815,4.097058,0.751740,1580.395154,1422.355639,1.443950,1.371752
4.920000,44.413500,287.552933,0.516934,1.234344,,1.751279,540.316704,49.997985,292.064008,0.801802,0.000000,0.069135,0.870937,-113.547958,205.054840,253.237012,0.000000,0.201738,0.201738,0.201738,27.901154,0.603766,0.147537,0.010917,25.747969,3075.058682,1465.577556,198.917533,4.092296,0.751303,1580.278026,1422.250224,1.443757,1.371569
4.940000,44.355746,287.497324,0.505108,1.234105,,1.739213,537.909570,49.997985,292.055463,0.798851,0.000000,0.069353,0.868203,-113.049235,204.565340,253.069039,0.000000,0.201520,0.201520,0.201520,27.854287,0.603276,0.147589,0.010923,25.731031,3074.121567,1464.418135,198.876092,4.087537,0.750865,1580.159490,1422.143541,1.443565,1.371386
4.960000,44.298017,287.441686,0.493299,1.233859,,1.727158,535.506098,49.997985,292.046861,0.795898,0.000000,0.069572,0.865469,-112.550319,204.076558,252.900999,0.000000,0.201301,0.201301,0.201301,27.807439,0.602786,0.147641,0.010928,25.714068,3073.176992,1463.257621,198.834452,4.082772,0.750427,1580.039325,1422.035393,1.443372,1.371203
4.980000,44.240313,287.386016,0.481507,1.233605,,1.715112,533.106287,49.997985,292.038211,0.792944,0.000000,0.069790,0.862734,-112.051188,203.588484,252.732889,0.000000,0.201082,0.201082,0.201082,27.760608,0.602295,0.147694,0.010933,25.697073,3072.226032,1462.095530,198.792636,4.078007,0.749989,1579.917675,1421.925908,1.443180,1.371021
5.000000,44.182634,287.330317,0.469732,1.233343,,1.703076,530.710135,49.997926,292.029504,0.789989,0.000000,0.070009,0.859998,-111.551858,203.101127,252.564713,0.000000,0.200864,0.200864,0.200864,27.713795,0.601804,0.147746,0.010938,25.680047,3071.268289,1460.932060,198.750638,4.073240,0.749550,1579.794486,1421.815038,1.442987,1.370838
5.020000,44.124979,287.274586,0.457975,1.233075,,1.691049,528.317639,49.997926,292.020740,0.787033,0.000000,0.070228,0.857261,-111.052333,202.614475,252.396464,0.000000,0.200645,0.200645,0.200645,27.666998,0.601313,0.147798,0.010943,25.662987,3070.304881,1459.766962,198.708484,4.068477,0.749111,1579.669909,1421.702918,1.442795,1.370655
5.040000,44.067350,287.218824,0.446234,1.232798,,1.679033,525.928800,49.997926,292.011928,0.784076,0.000000,0.070447,0.854523,-110.552590,202.128528,252.228144,0.000000,0.200426,0.200426,0.200426,27.620219,0.600822,0.147851,0.010949,25.645903,3069.334070,1458.600798,198.666136,4.063709,0.748673,1579.543712,1421.589341,1.442603,1.370473
5.060000,44.009744,287.163030,0.434511,1.232515,,1.667026,523.543612,49.997926,292.003059,0.781118,0.000000,0.070666,0.851784,-110.052646,201.643295,252.059758,0.000000,0.200207,0.200207,0.200207,27.573458,0.600330,0.147903,0.010954,25.628784,3068.356377,1457.432960,198.623599,4.058939,0.748233,1579.415970,1421.474373,1.442411,1.370290
5.080000,43.952162,287.107205,0.422805,1.232224,,1.655029,521.162078,49.997926,291.994132,0.778159,0.000000,0.070885,0.849044,-109.552499,201.158766,251.891299,0.000000,0.199987,0.199987,0.199987,27.526714,0.599838,0.147956,0.010959,25.611637,3067.372181,1456.263843,198.580890,4.054169,0.747794,1579.286730,1421.358057,1.442218,1.370107
5.100000,43.894603,287.051348,0.411116,1.231926,,1.643043,518.784193,49.997926,291.985149,0.775199,0.000000,0.071104,0.846303,-109.052147,200.674938,251.722767,0.000000,0.199768,0.199768,0.199768,27.479986,0.599346,0.148009,0.010965,25.594458,3066.381051,1455.093192,198.537994,4.049397,0.747354,1579.155939,1421.240345,1.442026,1.369925
5.120000,43.837068,286.995458,0.399445,1.231621,,1.631065,516.409955,49.997926,291.976108,0.772237,0.000000,0.071324,0.843561,-108.551590,200.191815,251.554165,0.000000,0.199549,0.199549,0.199549,27.433276,0.598853,0.148061,0.010970,25.577249,3065.383161,1453.921149,198.494919,4.044624,0.746914,1579.023619,1421.121257,1.441834,1.369743
5.140000,43.779556,286.939536,0.387790,1.231308,,1.619098,514.039366,49.997926,291.967010,0.769275,0.000000,0.071543,0.840818,-108.050824,199.709391,251.385488,0.000000,0.199329,0.199329,0.199329,27.386583,0.598360,0.148114,0.010975,25.560009,3064.378684,1452.747693,198.451669,4.039851,0.746474,1578.889798,1421.000818,1.441642,1.369560
5.160000,43.722067,286.883580,0.376152,1.230989,,1.607141,511.672419,49.997866,291.957855,0.766312,0.000000,0.071763,0.838075,-107.549847,199.227671,251.216742,0.000000,0.199110,0.199110,0.199110,27.339906,0.597866,0.148167,0.010981,25.542737,3063.367189,1451.572756,198.408231,4.035076,0.746034,1578.754417,1420.878975,1.441450,1.369378
5.180000,43.664601,286.827591,0.364532,1.230662,,1.595194,509.309115,49.997866,291.948642,0.763347,0.000000,0.071983,0.835330,-107.048662,198.746650,251.047922,0.000000,0.198890,0.198890,0.198890,27.293247,0.597373,0.148220,0.010986,25.525432,3062.350073,1450.396263,198.364644,4.030306,0.745593,1578.617670,1420.755903,1.441258,1.369196
5.200000,43.607156,286.771569,0.352928,1.230328,,1.583256,506.949453,49.997866,291.939372,0.760382,0.000000,0.072202,0.832584,-106.547265,198.266327,250.879029,0.000000,0.198670,0.198670,0.198670,27.246605,0.596879,0.148273,0.010992,25.508101,3061.324878,1449.218559,198.320845,4.025529,0.745152,1578.479220,1420.631298,1.441067,1.369013
5.220000,43.549734,286.715513,0.341341,1.229987,,1.571328,504.593430,49.997806,291.930046,0.757415,0.000000,0.072422,0.829838,-106.045652,197.786702,250.710061,0.000000,0.198450,0.198450,0.198450,27.199979,0.596384,0.148327,0.010997,25.490737,3060.292988,1448.039291,198.276868,4.020752,0.744711,1578.339262,1420.505336,1.440875,1.368831
5.240000,43.492334,286.659422,0.329772,1.229639,,1.559410,502.241045,49.997806,291.920661,0.754448,0.000000,0.072642,0.827090,-105.543826,197.307774,250.541020,0.000000,0.198230,0.198230,0.198230,27.153370,0.595889,0.148380,0.011002,25.473339,3059.255006,1446.858431,198.232730,4.015978,0.744269,1578.197880,1420.378092,1.440683,1.368649
5.260000,43.434955,286.603297,0.318219,1.229283,,1.547503,499.892295,49.997806,291.911220,0.751479,0.000000,0.072863,0.824342,-105.041783,196.829545,250.371907,0.000000,0.198010,0.198010,0.198010,27.106778,0.595394,0.148433,0.011008,25.455915,3058.209047,1445.676393,198.188384,4.011198,0.743827,1578.054813,1420.249332,1.440491,1.368467
5.280000,43.377597,286.547137,0.306683,1.228921,,1.535605,497.547180,49.997806,291.901721,0.748509,0.000000,0.073083,0.821592,-104.539522,196.352010,250.202718,0.000000,0.197790,0.197790,0.197790,27.060203,0.594899,0.148487,0.011013,25.438458,3057.156316,1444.492768,198.143859,4.006418,0.743385,1577.910234,1420.119211,1.440300,1.368285
5.300000,43.320260,286.490942,0.295165,1.228552,,1.523717,495.205697,49.997806,291.892156,0.745539,0.000000,0.073303,0.818842,-104.037058,195.875169,250.033454,0.000000,0.197569,0.197569,0.197569,27.013645,0.594403,0.148540,0.011019,25.420971,3056.096372,1443.307719,198.099146,4.001636,0.742943,1577.764080,1419.987672,1.440108,1.368103
5.320000,43.262944,286.434711,0.283663,1.228176,,1.511838,492.867847,49.997806,291.882533,0.742567,0.000000,0.073524,0.816090,-103.534372,195.399016,249.864114,0.000000,0.197349,0.197349,0.197349,26.967103,0.593907,0.148594,0.011024,25.403453,3055.029612,1442.121230,198.054254,3.996854,0.742501,1577.616411,1419.854770,1.439917,1.367921
5.340000,43.205649,286.378445,0.272178,1.227792,,1.499970,490.533625,49.997806,291.872854,0.739594,0.000000,0.073744,0.813338,-103.031462,194.923556,249.694699,0.000000,0.197128,0.197128,0.197128,26.920577,0.593411,0.148647,0.011030,25.385903,3053.955581,1440.933236,198.009173,3.992070,0.742058,1577.467163,1419.720447,1.439725,1.367739
5.360000,43.148373,286.322142,0.260710,1.227402,,1.488112,488.203031,49.997747,291.863107,0.736620,0.000000,0.073965,0.810585,-102.528343,194.448789,249.525207,0.000000,0.196908,0.196908,0.196908,26.874069,0.592914,0.148701,0.011035,25.368323,3052.874685,1439.743833,197.963913,3.987286,0.741615,1577.316397,1419.584757,1.439533,1.367557
5.380000,43.091118,286.265803,0.249258,1.227005,,1.476264,485.876063,49.997747,291.853303,0.733645,0.000000,0.074186,0.807830,-102.024999,193.974704,249.355637,0.000000,0.196687,0.196687,0.196687,26.827576,0.592417,0.148755,0.011041,25.350707,3051.787548,1438.552736,197.918488,3.982505,0.741172,1577.164206,1419.447785,1.439342,1.367375
5.400000,43.033882,286.209427,0.237824,1.226601,,1.464425,483.552721,49.997747,291.843433,0.730668,0.000000,0.074407,0.805075,-101.521444,193.501313,249.185993,0.000000,0.196466,0.196466,0.196466,26.781100,0.591919,0.148809,0.011047,25.333066,3050.692199,1437.360469,197.872854,3.977718,0.740728,1577.010307,1419.309276,1.439151,1.367193
5.420000,42.976665,286.153014,0.226406,1.226190,,1.452597,481.233002,49.997747,291.833496,0.727691,0.000000,0.074628,0.802319,-101.017675,193.028601,249.016267,0.000000,0.196245,0.196245,0.196245,26.734640,0.591421,0.148863,0.011052,25.315390,3049.589682,1436.166545,197.827031,3.972930,0.740284,1576.854856,1419.169370,1.438959,1.367011
5.440000,42.919468,286.096564,0.215006,1.225773,,1.440778,478.916905,49.997687,291.823501,0.724713,0.000000,0.074849,0.799562,-100.513672,192.556574,248.846465,0.000000,0.196024,0.196024,0.196024,26.688196,0.590923,0.148917,0.011058,25.297686,3048.480206,1434.971282,197.781031,3.968142,0.739840,1576.697882,1419.028094,1.438768,1.366829
5.460000,42.862290,286.040075,0.203622,1.225348,,1.428970,476.604427,49.997687,291.813440,0.721733,0.000000,0.075070,0.796804,-100.009456,192.085234,248.676584,0.000000,0.195802,0.195802,0.195802,26.641768,0.590425,0.148971,0.011064,25.279945,3047.364406,1433.774277,197.734864,3.963357,0.739396,1576.539483,1418.885535,1.438576,1.366648
5.480000,42.805130,285.983549,0.192254,1.224917,,1.417171,474.295567,49.997687,291.803312,0.718753,0.000000,0.075292,0.794045,-99.505021,191.614575,248.506625,0.000000,0.195581,0.195581,0.195581,26.595357,0.589926,0.149025,0.011069,25.262179,3046.240264,1432.576094,197.688485,3.958566,0.738951,1576.379365,1418.741429,1.438385,1.366466
5.500000,42.747988,285.926984,0.180904,1.224479,,1.405383,471.990325,49.997687,291.793126,0.715771,0.000000,0.075513,0.791284,-99.000349,191.144594,248.336584,0.000000,0.195359,0.195359,0.195359,26.548961,0.589427,0.149079,0.011075,25.244378,3045.108849,1431.376231,197.641916,3.953774,0.738506,1576.217691,1418.595922,1.438194,1.366284
5.520000,42.690864,285.870380,0.169570,1.224034,,1.393604,469.688699,49.997687,291.782865,0.712789,0.000000,0.075735,0.788523,-98.495472,190.675300,248.166466,0.000000,0.195138,0.195138,0.195138,26.502582,0.588927,0.149134,0.011081,25.226548,3043.970147,1430.174975,197.595161,3.948981,0.738061,1576.054457,1418.449011,1.438003,1.366102
5.540000,42.633758,285.813738,0.158253,1.223583,,1.381836,467.390687,49.997687,291.772546,0.709805,0.000000,0.075957,0.785761,-97.990354,190.206678,247.996267,0.000000,0.194916,0.194916,0.194916,26.456217,0.588427,0.149188,0.011087,25.208686,3042.824127,1428.972175,197.548217,3.944187,0.737615,1575.889663,1418.300696,1.437811,1.365921
5.560000,42.576670,285.757056,0.146953,1.223124,,1.370077,465.096288,49.997628,291.762151,0.706820,0.000000,0.076178,0.782998,-97.485025,189.738737,247.825987,0.000000,0.194694,0.194694,0.194694,26.409870,0.587927,0.149243,0.011092,25.190792,3041.670768,1427.767900,197.501086,3.939392,0.737170,1575.723308,1418.150977,1.437620,1.365739
5.580000,42.519599,285.700333,0.135669,1.222660,,1.358329,462.805500,49.997628,291.751699,0.703834,0.000000,0.076400,0.780234,-96.979455,189.271465,247.655621,0.000000,0.194472,0.194472,0.194472,26.363537,0.587426,0.149297,0.011098,25.172863,3040.510969,1426.561916,197.453787,3.934600,0.736723,1575.555528,1417.999975,1.437429,1.365557
5.600000,42.462544,285.643571,0.124402,1.222188,,1.346590,460.518323,49.997628,291.741170,0.700847,0.000000,0.076622,0.777469,-96.473672,188.804876,247.485179,0.000000,0.194250,0.194250,0.194250,26.317221,0.586925,0.149352,0.011104,25.154908,3039.342863,1425.354748,197.406279,3.929803,0.736277,1575.386049,1417.847444,1.437237,1.365376
5.620000,42.405507,285.586769,0.113152,1.221710,,1.334862,458.234754,49.997568,291.730575,0.697859,0.000000,0.076845,0.774703,-95.967655,188.338957,247.314653,0.000000,0.194028,0.194028,0.194028,26.270920,0.586423,0.149407,0.011110,25.136918,3038.167095,1424.145831,197.358573,3.925004,0.735831,1575.214972,1417.693475,1.437046,1.365194
5.640000,42.348485,285.529925,0.101918,1.221225,,1.323143,455.954793,49.997568,291.719913,0.694870,0.000000,0.077067,0.771937,-95.461409,187.873709,247.144043,0.000000,0.193806,0.193806,0.193806,26.224635,0.585922,0.149462,0.011116,25.118896,3036.985314,1422.935423,197.310713,3.920210,0.735383,1575.042542,1417.538288,1.436855,1.365012
5.660000,42.291480,285.473040,0.090701,1.220734,,1.311435,453.678438,49.997568,291.709175,0.691879,0.000000,0.077289,0.769169,-94.954944,187.409136,246.973351,0.000000,0.193583,0.193583,0.193583,26.178365,0.585419,0.149517,0.011122,25.100845,3035.794650,1421.723616,197.262628,3.915409,0.734936,1574.868336,1417.381502,1.436664,1.364831
5.680000,42.234491,285.416114,0.079501,1.220236,,1.299736,451.405687,49.997568,291.698369,0.688888,0.000000,0.077512,0.766400,-94.448242,186.945228,246.802575,0.000000,0.193361,0.193361,0.193361,26.132110,0.584917,0.149572,0.011128,25.082762,3034.596490,1420.510185,197.214351,3.910607,0.734489,1574.692564,1417.223307,1.436472,1.364649
5.700000,42.177517,285.359146,0.068317,1.219731,,1.288048,449.136540,49.997568,291.687498,0.685895,0.000000,0.077735,0.763630,-93.941301,186.481990,246.631713,0.000000,0.193138,0.193138,0.193138,26.085871,0.584414,0.149627,0.011133,25.064647,3033.390815,1419.295274,197.165884,3.905804,0.734041,1574.515224,1417.063702,1.436281,1.364467
5.720000,42.120558,285.302135,0.057150,1.219220,,1.276370,446.870995,49.997568,291.676549,0.682902,0.000000,0.077957,0.760859,-93.434136,186.019420,246.460767,0.000000,0.192915,0.192915,0.192915,26.039648,0.583911,0.149682,0.011139,25.046500,3032.177845,1418.078857,197.117231,3.901001,0.733593,1574.336354,1416.902719,1.436090,1.364285
5.740000,42.063614,285.245082,0.045999,1.218702,,1.264702,444.609050,49.997508,291.665525,0.679907,0.000000,0.078180,0.758087,-92.926742,185.557518,246.289738,0.000000,0.192692,0.192692,0.192692,25.993439,0.583407,0.149738,0.011145,25.028321,3030.956818,1416.860799,197.068372,3.896195,0.733144,1574.155843,1416.740258,1.435899,1.364104
5.760000,42.006685,285.187985,0.034865,1.218178,,1.253044,442.350705,49.997508,291.654434,0.676911,0.000000,0.078403,0.755314,-92.419107,185.096275,246.118621,0.000000,0.192469,0.192469,0.192469,25.947246,0.582903,0.149793,0.011151,25.010108,3029.729682,1415.641152,197.019358,3.891394,0.732696,1573.973985,1416.576587,1.435707,1.363922
5.780000,41.949771,285.130846,0.023748,1.217648,,1.241396,440.095957,49.997508,291.643266,0.673914,0.000000,0.078626,0.752541,-91.911241,184.635700,245.947418,0.000000,0.192246,0.192246,0.192246,25.901067,0.582398,0.149848,0.011157,24.991867,3028.493462,1414.420108,196.970115,3.886586,0.732247,1573.790336,1416.411302,1.435516,1.363740
5.800000,41.892870,285.073662,0.012647,1.217111,,1.229758,437.844808,49.997449,291.632032,0.670916,0.000000,0.078850,0.749766,-91.403125,184.175784,245.776127,0.000000,0.192023,0.192023,0.192023,25.854904,0.581893,0.149904,0.011164,24.973592,3027.249851,1413.197449,196.920685,3.881778,0.731797,1573.605155,1416.244639,1.435325,1.363558
5.820000,41.835983,285.016435,0.001563,1.216567,,1.218130,435.597254,49.997449,291.620721,0.667917,0.000000,0.079073,0.746990,-90.894778,183.716536,245.604752,0.000000,0.191799,0.191799,0.191799,25.808756,0.581388,0.149959,0.011169,24.955283,3025.999584,1411.973094,196.871084,3.876973,0.731348,1573.418557,1416.076701,1.435133,1.363377
5.840000,41.721779,284.901370,0.000000,1.213412,,1.213412,434.057786,49.997449,291.609334,0.664917,0.000000,0.079297,0.744213,-90.386195,183.257947,245.433289,0.000000,0.191576,0.191576,0.191576,25.762623,0.235929,0.150015,0.011176,10.307146,1420.995594,490.312641,129.547364,1.572699,0.385944,1231.459617,1108.313655,1.206599,1.146269
5.860000,41.590561,284.768874,0.000000,1.209528,,1.209528,432.535200,49.996793,291.594877,0.661139,0.000000,0.079577,0.740716,-89.746064,182.683887,245.218157,0.000000,0.191296,0.191296,0.191296,25.704800,0.194157,0.188862,0.014020,9.429146,1109.363403,438.862335,116.838824,1.028041,0.383019,1135.161134,1021.645021,1.180550,1.121522
5.880000,41.459768,284.636495,0.000000,1.205660,,1.205660,431.018843,49.996734,291.580152,0.657321,0.000000,0.079862,0.737182,-89.098615,182.102775,244.999842,0.000000,0.191011,0.191011,0.191011,25.646184,0.193417,0.190939,0.014227,9.433055,1106.391072,439.121321,116.501209,1.012976,0.384356,1131.682375,1018.514137,1.180757,1.121719
5.900000,41.329396,284.504233,0.000000,1.201807,,1.201807,429.508678,49.996674,291.565313,0.653502,0.000000,0.080146,0.733648,-88.451093,181.522914,244.781455,0.000000,0.190726,0.190726,0.190726,25.587611,0.192680,0.190931,0.014233,9.410527,1105.487811,437.793538,116.374349,1.009160,0.383611,1131.170655,1018.053590,1.180005,1.121004
5.920000,41.199446,284.372089,0.000000,1.197968,,1.197968,428.004671,49.996674,291.550350,0.649682,0.000000,0.080431,0.730113,-87.803305,180.944223,244.562964,0.000000,0.190442,0.190442,0.190442,25.529073,0.191948,0.190986,0.014240,9.388903,1104.528681,436.520125,116.241340,1.005038,0.382933,1130.569949,1017.512954,1.179282,1.120318
5.940000,41.069915,284.240061,0.000000,1.194143,,1.194143,426.506787,49.996614,291.535262,0.645861,0.000000,0.080716,0.726577,-87.155248,180.366701,244.344370,0.000000,0.190157,0.190157,0.190157,25.470570,0.191219,0.191038,0.014247,9.367379,1103.576087,435.252864,116.108871,1.000949,0.382257,1129.973131,1016.975818,1.178560,1.119632
5.960000,40.940802,284.108150,0.000000,1.190333,,1.190333,425.014990,49.996614,291.520042,0.642040,0.000000,0.081001,0.723041,-86.506942,179.790350,244.125675,0.000000,0.189872,0.189872,0.189872,25.412102,0.190495,0.191090,0.014255,9.345975,1102.628740,433.992902,115.976775,0.996886,0.381585,1129.377894,1016.440104,1.177840,1.118948
5.980000,40.812104,283.976355,0.000000,1.186538,,1.186538,423.529247,49.996614,291.504697,0.638217,0.000000,0.081286,0.719503,-85.858364,179.215155,243.906871,0.000000,0.189586,0.189586,0.189586,25.353669,0.189774,0.191142,0.014262,9.324693,1101.686034,432.740362,115.845031,0.992846,0.380916,1128.783875,1015.905488,1.177121,1.118265
6.000000,40.683822,283.844676,0.000000,1.182757,,1.182757,422.049524,49.996555,291.489219,0.634393,0.000000,0.081572,0.715965,-85.209525,178.641129,243.687966,0.000000,0.189301,0.189301,0.189301,25.295271,0.189058,0.191193,0.014269,9.303529,1100.748339,431.495086,115.713659,0.988831,0.380251,1128.191372,1015.372235,1.176404,1.117584
6.020000,40.555952,283.713114,0.000000,1.178990,,1.178990,420.575786,49.996555,291.473617,0.630568,0.000000,0.081857,0.712425,-84.560412,178.068260,243.468954,0.000000,0.189015,0.189015,0.189015,25.236907,0.188345,0.191244,0.014277,9.282481,1099.815612,430.256817,115.582647,0.984841,0.379590,1127.600401,1014.840361,1.175688,1.116903
6.040000,40.428494,283.581667,0.000000,1.175237,,1.175237,419.108001,49.996495,291.457872,0.626742,0.000000,0.082143,0.708885,-83.911048,177.496553,243.249837,0.000000,0.188730,0.188730,0.188730,25.178579,0.187637,0.191295,0.014284,9.261551,1098.887254,429.025713,115.451967,0.980873,0.378932,1127.010553,1014.309498,1.174973,1.116224
6.060000,40.301446,283.450336,0.000000,1.171498,,1.171498,417.646135,49.996495,291.441993,0.622915,0.000000,0.082429,0.705344,-83.261419,176.925998,243.030612,0.000000,0.188444,0.188444,0.188444,25.120285,0.186932,0.191346,0.014291,9.240733,1097.963826,427.801519,115.321653,0.976930,0.378278,1126.422272,1013.780045,1.174260,1.115547
6.080000,40.174807,283.319121,0.000000,1.167774,,1.167774,416.190156,49.996495,291.425981,0.619087,0.000000,0.082715,0.701802,-82.611520,176.356593,242.811277,0.000000,0.188158,0.188158,0.188158,25.062026,0.186231,0.191397,0.014299,9.220031,1097.044728,426.584383,115.191673,0.973009,0.377627,1125.835146,1013.251631,1.173548,1.114871
6.100000,40.048574,283.188021,0.000000,1.164063,,1.164063,414.740031,49.996436,291.409826,0.615258,0.000000,0.083001,0.698259,-81.961360,175.788344,242.591837,0.000000,0.187872,0.187872,0.187872,25.003801,0.185533,0.191447,0.014306,9.199444,1096.130335,425.374173,115.062053,0.969112,0.376980,1125.249479,1012.724531,1.172838,1.114196
6.120000,39.922747,283.057036,0.000000,1.160366,,1.160366,413.295728,49.996436,291.393537,0.611428,0.000000,0.083287,0.694715,-81.310926,175.221240,242.372287,0.000000,0.187585,0.187585,0.187585,24.945611,0.184840,0.191497,0.014314,9.178964,1095.220404,424.170583,114.932767,0.965238,0.376336,1124.665176,1012.198659,1.172128,1.113522
6.140000,39.797324,282.926167,0.000000,1.156683,,1.156683,411.857216,49.996376,291.377105,0.607597,0.000000,0.083574,0.691171,-80.660225,174.655284,242.152625,0.000000,0.187299,0.187299,0.187299,24.887455,0.184150,0.191546,0.014321,9.158598,1094.314748,422.973900,114.803818,0.961386,0.375696,1124.082041,1011.673837,1.171421,1.112850
6.160000,39.672303,282.795412,0.000000,1.153014,,1.153014,410.424462,49.996376,291.360530,0.603766,0.000000,0.083860,0.687626,-80.009260,174.090473,241.932855,0.000000,0.187012,0.187012,0.187012,24.829334,0.183464,0.191595,0.014329,9.138338,1093.413517,421.783717,114.675201,0.957557,0.375059,1123.500273,1011.150246,1.170714,1.112178
6.180000,39.547684,282.664772,0.000000,1.149358,,1.149358,408.997435,49.996316,291.343812,0.599933,0.000000,0.084147,0.684079,-79.358020,173.526801,241.712972,0.000000,0.186726,0.186726,0.186726,24.771247,0.182781,0.191645,0.014336,9.118189,1092.516323,420.600269,114.546905,0.953749,0.374426,1122.919593,1010.627634,1.170009,1.111509
6.200000,39.423464,282.534246,0.000000,1.145716,,1.145716,407.576104,49.996316,291.326951,0.596099,0.000000,0.084434,0.680532,-78.706509,172.964271,241.492979,0.000000,0.186439,0.186439,0.186439,24.713194,0.182102,0.191693,0.014344,9.098145,1091.623524,419.423229,114.418944,0.949964,0.373795,1122.340310,1010.106279,1.169305,1.110840
6.220000,39.299643,282.403835,0.000000,1.142088,,1.142088,406.160440,49.996257,291.309938,0.592264,0.000000,0.084721,0.676985,-78.054732,172.402880,241.272873,0.000000,0.186152,0.186152,0.186152,24.655175,0.181426,0.191742,0.014352,9.078210,1090.734732,418.252838,114.291309,0.946200,0.373169,1121.762145,1009.585931,1.168603,1.110173
6.240000,39.176218,282.273538,0.000000,1.138473,,1.138473,404.750410,49.996257,291.292772,0.588428,0.000000,0.085008,0.673436,-77.402690,171.842617,241.052651,0.000000,0.185865,0.185865,0.185865,24.597190,0.180754,0.191790,0.014359,9.058377,1089.850097,417.088699,114.163995,0.942458,0.372545,1121.185267,1009.066740,1.167902,1.109507
6.260000,39.053188,282.143355,0.000000,1.134871,,1.134871,403.345985,49.996197,291.275453,0.584591,0.000000,0.085295,0.669887,-76.750375,171.283485,240.832315,0.000000,0.185577,0.185577,0.185577,24.539239,0.180086,0.191839,0.014367,9.038652,1088.969441,415.931095,114.037004,0.938737,0.371925,1120.609535,1008.548581,1.167202,1.108842
6.280000,38.930552,282.013286,0.000000,1.131283,,1.131283,401.947136,49.996197,291.257982,0.580754,0.000000,0.085583,0.666336,-76.097788,170.725481,240.611863,0.000000,0.185290,0.185290,0.185290,24.481321,0.179421,0.191886,0.014375,9.019026,1088.092705,414.779584,113.910318,0.935037,0.371307,1120.034975,1008.031477,1.166503,1.108178
6.300000,38.808309,281.883331,0.000000,1.127707,,1.127707,400.553831,49.996138,291.240358,0.576915,0.000000,0.085870,0.662785,-75.444921,170.168603,240.391294,0.000000,0.185002,0.185002,0.185002,24.423437,0.178759,0.191934,0.014383,8.999506,1087.219924,413.634537,113.783961,0.931358,0.370694,1119.461590,1007.515431,1.165806,1.107516
6.320000,38.686457,281.753490,0.000000,1.124145,,1.124145,399.166043,49.996138,291.222581,0.573075,0.000000,0.086158,0.659234,-74.791775,169.612851,240.170609,0.000000,0.184714,0.184714,0.184714,24.365586,0.178101,0.191981,0.014390,8.980085,1086.351038,412.495470,113.657906,0.927700,0.370083,1118.889409,1007.000468,1.165110,1.106855
6.340000,38.564994,281.623761,0.000000,1.120596,,1.120596,397.783742,49.996078,291.204633,0.569235,0.000000,0.086446,0.655681,-74.138370,169.058222,239.949807,0.000000,0.184426,0.184426,0.184426,24.307770,0.177446,0.192029,0.014398,8.960767,1085.485873,411.362725,113.532168,0.924062,0.369475,1118.318286,1006.486457,1.164416,1.106195
6.360000,38.443919,281.494146,0.000000,1.117061,,1.117061,396.406898,49.996078,291.186532,0.565393,0.000000,0.086734,0.652128,-73.484677,168.504702,239.728882,0.000000,0.184138,0.184138,0.184138,24.249985,0.176795,0.192076,0.014406,8.941545,1084.624582,410.235880,113.406734,0.920445,0.368871,1117.748395,1005.973556,1.163722,1.105536
6.380000,38.323231,281.364644,0.000000,1.113538,,1.113538,395.035484,49.996019,291.168260,0.561551,0.000000,0.087023,0.648573,-72.830716,167.952304,239.507839,0.000000,0.183850,0.183850,0.183850,24.192235,0.176147,0.192122,0.014414,8.922425,1083.766777,409.115182,113.281596,0.916847,0.368269,1117.179444,1005.461500,1.163030,1.104879
6.400000,38.202929,281.235255,0.000000,1.110028,,1.110028,393.669471,49.996019,291.149835,0.557707,0.000000,0.087311,0.645018,-72.176461,167.401012,239.286673,0.000000,0.183562,0.183562,0.183562,24.134517,0.175502,0.192169,0.014422,8.903400,1082.912826,408.000302,113.156765,0.913270,0.367671,1116.611754,1004.950579,1.162339,1.104222
6.420000,38.083011,281.105979,0.000000,1.106530,,1.106530,392.308831,49.995959,291.131238,0.553863,0.000000,0.087600,0.641463,-71.521931,166.850839,239.065389,0.000000,0.183273,0.183273,0.183273,24.076832,0.174860,0.192215,0.014430,8.884475,1082.062342,406.891501,113.032235,0.909712,0.367076,1116.045033,1004.440530,1.161650,1.103567
6.440000,37.963476,280.976816,0.000000,1.103046,,1.103046,390.953535,49.995959,291.112470,0.550018,0.000000,0.087888,0.637906,-70.867125,166.301767,238.843978,0.000000,0.182984,0.182984,0.182984,24.019180,0.174222,0.192261,0.014438,8.865642,1081.215480,405.788373,112.907997,0.906174,0.366483,1115.479454,1003.931508,1.160961,1.102913
6.460000,37.844321,280.847764,0.000000,1.099574,,1.099574,389.603557,49.995899,291.093530,0.546172,0.000000,0.088177,0.634349,-70.212034,165.753800,238.622445,0.000000,0.182695,0.182695,0.182695,23.961561,0.173587,0.192307,0.014446,8.846908,1080.372067,404.691223,112.784057,0.902655,0.365894,1114.914870,1003.423383,1.160274,1.102260
6.480000,37.725547,280.718826,0.000000,1.096115,,1.096115,388.258868,49.995899,291.074418,0.542325,0.000000,0.088466,0.630791,-69.556660,165.206932,238.400785,0.000000,0.182406,0.182406,0.182406,23.903974,0.172955,0.192353,0.014454,8.828266,1079.532268,403.599663,112.660410,0.899156,0.365308,1114.351448,1002.916303,1.159588,1.101609
6.500000,37.607152,280.589999,0.000000,1.092669,,1.092669,386.919441,49.995840,291.055116,0.538477,0.000000,0.088756,0.627232,-68.901018,164.661164,238.178999,0.000000,0.182117,0.182117,0.182117,23.846419,0.172326,0.192398,0.014463,8.809719,1078.695678,402.513954,112.537049,0.895675,0.364724,1113.788909,1002.410018,1.158903,1.100958
6.520000,37.489133,280.461284,0.000000,1.089235,,1.089235,385.585251,49.995780,291.035642,0.534628,0.000000,0.089045,0.623673,-68.245080,164.116482,237.957082,0.000000,0.181827,0.181827,0.181827,23.788896,0.171700,0.192443,0.014471,8.791261,1077.862466,401.433693,112.413964,0.892213,0.364144,1113.227417,1001.904676,1.158220,1.100309
6.540000,37.371491,280.332682,0.000000,1.085813,,1.085813,384.256268,49.995780,291.015987,0.530778,0.000000,0.089335,0.620113,-67.588859,163.572893,237.735037,0.000000,0.181538,0.181538,0.181538,23.731405,0.171078,0.192488,0.014479,8.772897,1077.032862,400.359141,112.291192,0.888771,0.363566,1112.667131,1001.400418,1.157537,1.099660
6.560000,37.254224,280.204191,0.000000,1.082404,,1.082404,382.932468,49.995721,290.996150,0.526927,0.000000,0.089624,0.616552,-66.932344,163.030394,237.512862,0.000000,0.181248,0.181248,0.181248,23.673946,0.170458,0.192533,0.014488,8.754626,1076.206237,399.290222,112.168685,0.885346,0.362991,1112.107613,1000.896852,1.156856,1.099013
6.580000,37.137329,280.075812,0.000000,1.079007,,1.079007,381.613824,49.995721,290.976123,0.523076,0.000000,0.089914,0.612990,-66.275548,162.488983,237.290558,0.000000,0.180958,0.180958,0.180958,23.616518,0.169842,0.192578,0.014496,8.736442,1075.382969,398.226644,112.046457,0.881940,0.362419,1111.549183,1000.394265,1.156176,1.098367
6.600000,37.020807,279.947544,0.000000,1.075622,,1.075622,380.300309,49.995661,290.955905,0.519223,0.000000,0.090204,0.609428,-65.618462,161.948648,237.068118,0.000000,0.180668,0.180668,0.180668,23.559122,0.169228,0.192622,0.014505,8.718350,1074.562667,397.168650,111.924499,0.878551,0.361850,1110.991538,999.892385,1.155497,1.097723
6.620000,36.904656,279.819387,0.000000,1.072250,,1.072250,378.991898,49.995601,290.935497,0.515370,0.000000,0.090495,0.605865,-64.961082,161.409392,236.845545,0.000000,0.180378,0.180378,0.180378,23.501756,0.168618,0.192666,0.014513,8.700345,1073.745925,396.115996,111.802842,0.875182,0.361284,1110.435168,999.391651,1.154820,1.097079
6.640000,36.788874,279.691342,0.000000,1.068890,,1.068890,377.688565,49.995601,290.914897,0.511516,0.000000,0.090785,0.602301,-64.303408,160.871211,236.622835,0.000000,0.180087,0.180087,0.180087,23.444422,0.168010,0.192710,0.014522,8.682427,1072.932115,395.068648,111.681443,0.871830,0.360721,1109.879612,998.891651,1.154143,1.096436
6.660000,36.673460,279.563407,0.000000,1.065542,,1.065542,376.390284,49.995542,290.894098,0.507661,0.000000,0.091076,0.598737,-63.645441,160.334104,236.399991,0.000000,0.179797,0.179797,0.179797,23.387119,0.167406,0.192754,0.014531,8.664599,1072.121252,394.026764,111.560315,0.868495,0.360160,1109.324885,998.392397,1.153468,1.095795
6.680000,36.558413,279.435584,0.000000,1.062206,,1.062206,375.097030,49.995542,290.873098,0.503805,0.000000,0.091367,0.595171,-62.987180,159.798065,236.177009,0.000000,0.179506,0.179506,0.179506,23.329846,0.166804,0.192798,0.014539,8.646855,1071.313512,392.989979,111.439453,0.865178,0.359602,1108.771152,997.894037,1.152794,1.095154
6.700000,36.443731,279.307871,0.000000,1.058882,,1.058882,373.808779,49.995482,290.851888,0.499948,0.000000,0.091658,0.591606,-62.328629,159.263087,235.953884,0.000000,0.179215,0.179215,0.179215,23.272604,0.166206,0.192841,0.014548,8.629199,1070.508699,391.958592,111.318861,0.861878,0.359047,1108.218280,997.396452,1.152121,1.094515
6.720000,36.329414,279.180268,0.000000,1.055569,,1.055569,372.525504,49.995423,290.830478,0.496090,0.000000,0.091949,0.588039,-61.669770,158.729169,235.730620,0.000000,0.178924,0.178924,0.178924,23.215391,0.165610,0.192884,0.014557,8.611626,1069.706990,390.932257,111.198544,0.858596,0.358494,1107.666442,996.899797,1.151449,1.093876
6.740000,36.215459,279.052777,0.000000,1.052269,,1.052269,371.247182,49.995423,290.808868,0.492232,0.000000,0.092240,0.584472,-61.010604,158.196312,235.507213,0.000000,0.178633,0.178633,0.178633,23.158208,0.165017,0.192927,0.014566,8.594137,1068.908187,389.911042,111.078484,0.855331,0.357944,1107.115482,996.403934,1.150778,1.093239
6.760000,36.101867,278.925395,0.000000,1.048981,,1.048981,369.973788,49.995363,290.787038,0.488372,0.000000,0.092531,0.580904,-60.351143,157.664513,235.283665,0.000000,0.178341,0.178341,0.178341,23.101056,0.164427,0.192970,0.014575,8.576735,1068.112307,388.895142,110.958705,0.852083,0.357397,1106.565419,995.908877,1.150109,1.092603
6.780000,35.988635,278.798124,0.000000,1.045704,,1.045704,368.705298,49.995303,290.764989,0.484512,0.000000,0.092823,0.577335,-59.691383,157.133763,235.059971,0.000000,0.178049,0.178049,0.178049,23.043933,0.163839,0.193013,0.014584,8.559412,1067.319302,387.884095,110.839175,0.848852,0.356852,1106.016271,995.414644,1.149440,1.091968
6.800000,35.875762,278.670963,0.000000,1.042439,,1.042439,367.441686,49.995303,290.742731,0.480651,0.000000,0.093115,0.573766,-59.031309,156.604052,234.836125,0.000000,0.177758,0.177758,0.177758,22.986839,0.163255,0.193055,0.014594,8.542171,1066.528974,386.878027,110.719890,0.845637,0.356310,1105.467880,994.921092,1.148773,1.091334
6.820000,35.763248,278.543911,0.000000,1.039185,,1.039185,366.182931,49.995244,290.720243,0.476789,0.000000,0.093407,0.570196,-58.370935,156.075394,234.612136,0.000000,0.177465,0.177465,0.177465,22.929774,0.162673,0.193098,0.014603,8.525015,1065.741339,385.877101,110.600866,0.842438,0.355770,1104.920262,994.428236,1.148106,1.090701
6.840000,35.651090,278.416970,0.000000,1.035943,,1.035943,364.929006,49.995184,290.697526,0.472926,0.000000,0.093699,0.566626,-57.710256,155.547768,234.387993,0.000000,0.177173,0.177173,0.177173,22.872737,0.162094,0.193140,0.014612,8.507938,1064.956788,384.881011,110.482115,0.839257,0.355233,1104.373760,993.936384,1.147441,1.090069
6.860000,35.539288,278.290138,0.000000,1.032713,,1.032713,363.679890,49.995125,290.674581,0.469063,0.000000,0.093992,0.563055,-57.049267,155.021176,234.163698,0.000000,0.176881,0.176881,0.176881,22.815729,0.161517,0.193182,0.014622,8.490940,1064.174683,383.889735,110.363594,0.836091,0.354699,1103.827894,993.445105,1.146777,1.089438
6.880000,35.427840,278.163415,0.000000,1.029494,,1.029494,362.435559,49.995125,290.651407,0.465198,0.000000,0.094284,0.559483,-56.387963,154.495615,233.939250,0.000000,0.176588,0.176588,0.176588,22.758749,0.160944,0.193223,0.014631,8.474023,1063.395462,382.903373,110.245340,0.832942,0.354167,1103.283002,992.954701,1.146114,1.088808
6.900000,35.316745,278.036802,0.000000,1.026287,,1.026287,361.195989,49.995065,290.628004,0.461333,0.000000,0.094577,0.555910,-55.726334,153.971082,233.714645,0.000000,0.176295,0.176295,0.176295,22.701797,0.160373,0.193265,0.014641,8.457186,1062.618702,381.921953,110.127330,0.829808,0.353638,1102.738773,992.464896,1.145452,1.088180
6.920000,35.206002,277.910299,0.000000,1.023091,,1.023091,359.961157,49.995005,290.604352,0.457467,0.000000,0.094870,0.552337,-55.064400,153.447577,233.489884,0.000000,0.176002,0.176002,0.176002,22.644873,0.159805,0.193306,0.014650,8.440426,1061.844798,380.945201,110.009581,0.826691,0.353111,1102.195552,991.975997,1.144792,1.087552
6.940000,35.095610,277.783904,0.000000,1.019906,,1.019906,358.731041,49.994946,290.580472,0.453600,0.000000,0.095163,0.548763,-54.402130,152.925087,233.264964,0.000000,0.175709,0.175709,0.175709,22.587975,0.159239,0.193348,0.014660,8.423743,1061.073329,379.973129,109.892061,0.823589,0.352587,1101.653015,991.487713,1.144132,1.086925
6.960000,34.985568,277.657618,0.000000,1.016732,,1.016732,357.505617,49.994886,290.556344,0.449732,0.000000,0.095457,0.545189,-53.739542,152.403620,233.039885,0.000000,0.175416,0.175416,0.175416,22.531106,0.158676,0.193389,0.014670,8.407138,1060.304514,379.005799,109.774796,0.820503,0.352065,1101.111340,991.000206,1.143473,1.086299
6.980000,34.875874,277.531441,0.000000,1.013570,,1.013570,356.284863,49.994886,290.531968,0.445863,0.000000,0.095750,0.541614,-53.076629,151.883166,232.814645,0.000000,0.175122,0.175122,0.175122,22.474263,0.158116,0.193430,0.014680,8.390609,1059.538130,378.043103,109.657766,0.817432,0.351545,1100.570378,990.513341,1.142816,1.085675
7.000000,34.766526,277.405373,0.000000,1.010419,,1.010419,355.068757,49.994827,290.507326,0.441994,0.000000,0.096044,0.538038,-52.413404,151.363719,232.589240,0.000000,0.174828,0.174828,0.174828,22.417447,0.157558,0.193471,0.014690,8.374159,1058.774197,377.085205,109.540983,0.814376,0.351028,1100.030139,990.027125,1.142159,1.085051
7.020000,34.657525,277.279414,0.000000,1.007279,,1.007279,353.857277,49.994767,290.482425,0.438124,0.000000,0.096338,0.534462,-51.749848,150.845265,232.363663,0.000000,0.174534,0.174534,0.174534,22.360656,0.157003,0.193511,0.014701,8.357781,1058.012892,376.131749,109.424441,0.811336,0.350514,1099.490808,989.541727,1.141504,1.084428
7.040000,34.548869,277.153563,0.000000,1.004150,,1.004150,352.650400,49.994707,290.457267,0.434253,0.000000,0.096632,0.530885,-51.085956,150.327811,232.137918,0.000000,0.174240,0.174240,0.174240,22.303890,0.156450,0.193552,0.014711,8.341479,1057.254013,375.182855,109.308137,0.808311,0.350001,1098.952221,989.056999,1.140849,1.083807
7.060000,34.440556,277.027820,0.000000,1.001032,,1.001032,351.448105,49.994648,290.431842,0.430381,0.000000,0.096927,0.527308,-50.421732,149.811354,231.912004,0.000000,0.173946,0.173946,0.173946,22.247151,0.155900,0.193592,0.014721,8.325249,1056.497336,374.238422,109.192053,0.805300,0.349492,1098.414226,988.572803,1.140196,1.083186
7.080000,34.332586,276.902186,0.000000,0.997925,,0.997925,350.250369,49.994588,290.406131,0.426508,0.000000,0.097222,0.523730,-49.757189,149.295886,231.685916,0.000000,0.173651,0.173651,0.173651,22.190436,0.155352,0.193632,0.014732,8.309095,1055.743307,373.298554,109.076225,0.802305,0.348984,1097.877171,988.089454,1.139543,1.082566
7.100000,34.224957,276.776660,0.000000,0.994829,,0.994829,349.057172,49.994529,290.380153,0.422635,0.000000,0.097516,0.520151,-49.092298,148.781393,231.459649,0.000000,0.173356,0.173356,0.173356,22.133745,0.154807,0.193672,0.014743,8.293012,1054.991477,372.363084,108.960616,0.799324,0.348479,1097.340734,987.606661,1.138892,1.081948
7.120000,34.117669,276.651241,0.000000,0.991743,,0.991743,347.868491,49.994529,290.353889,0.418761,0.000000,0.097811,0.516572,-48.427075,148.267885,231.233206,0.000000,0.173061,0.173061,0.173061,22.077079,0.154264,0.193712,0.014753,8.277003,1054.242072,371.432074,108.845249,0.796358,0.347976,1096.805094,987.124584,1.138242,1.081330
7.140000,34.010719,276.525931,0.000000,0.988669,,0.988669,346.684306,49.994469,290.327339,0.414886,0.000000,0.098107,0.512992,-47.761507,147.755349,231.006581,0.000000,0.172766,0.172766,0.172766,22.020437,0.153724,0.193752,0.014764,8.261069,1053.494886,370.505602,108.730116,0.793406,0.347476,1096.270093,986.643084,1.137593,1.080713
7.160000,33.904107,276.400728,0.000000,0.985605,,0.985605,345.504596,49.994409,290.300502,0.411010,0.000000,0.098402,0.509412,-47.095588,147.243783,230.779774,0.000000,0.172470,0.172470,0.172470,21.963817,0.153186,0.193791,0.014775,8.245203,1052.750101,369.583332,108.615212,0.790469,0.346977,1095.735920,986.162328,1.136945,1.080097
7.180000,33.797832,276.275633,0.000000,0.982552,,0.982552,344.329338,49.994350,290.273361,0.407133,0.000000,0.098698,0.505831,-46.429333,146.733184,230.552783,0.000000,0.172175,0.172175,0.172175,21.907222,0.152651,0.193831,0.014786,8.229408,1052.007513,368.665362,108.500529,0.787546,0.346481,1095.202406,985.682165,1.136297,1.079483
7.200000,33.691892,276.150646,0.000000,0.979510,,0.979510,343.158513,49.994290,290.245933,0.403256,0.000000,0.098994,0.502250,-45.762710,146.223540,230.325602,0.000000,0.171879,0.171879,0.171879,21.850648,0.152118,0.193870,0.014798,8.213685,1051.267350,367.751751,108.386092,0.784638,0.345988,1094.669727,985.202754,1.135651,1.078869
7.220000,33.586287,276.025766,0.000000,0.976478,,0.976478,341.992100,49.994231,290.218181,0.399378,0.000000,0.099290,0.498668,-45.095753,145.714860,230.098234,0.000000,0.171582,0.171582,0.171582,21.794097,0.151587,0.193909,0.014809,8.198030,1050.529157,366.842311,108.271856,0.781743,0.345496,1094.137571,984.723814,1.135006,1.078256
7.240000,33.481016,275.900993,0.000000,0.973457,,0.973457,340.830079,49.994171,290.190124,0.395499,0.000000,0.099587,0.495085,-44.428432,145.207119,229.870670,0.000000,0.171286,0.171286,0.171286,21.737567,0.151059,0.193948,0.014821,8.182445,1049.793163,365.937101,108.157844,0.778862,0.345007,1093.606112,984.245501,1.134362,1.077644
7.260000,33.376076,275.776327,0.000000,0.970446,,0.970446,339.672428,49.994111,290.161743,0.391619,0.000000,0.099883,0.491502,-43.760758,144.700326,229.642911,0.000000,0.170989,0.170989,0.170989,21.681058,0.150533,0.193987,0.014833,8.166929,1049.059368,365.036091,108.044056,0.775995,0.344520,1093.075361,983.767825,1.133719,1.077033
7.280000,33.271468,275.651769,0.000000,0.967446,,0.967446,338.519128,49.994052,290.133037,0.387738,0.000000,0.100180,0.487918,-43.092722,144.194465,229.414950,0.000000,0.170692,0.170692,0.170692,21.624569,0.150009,0.194026,0.014845,8.151481,1048.327771,364.139287,107.930501,0.773142,0.344035,1092.545331,983.290798,1.133077,1.076423
7.300000,33.167190,275.527317,0.000000,0.964456,,0.964456,337.370158,49.993992,290.104007,0.383857,0.000000,0.100477,0.484334,-42.424316,143.689539,229.186789,0.000000,0.170395,0.170395,0.170395,21.568101,0.149488,0.194064,0.014857,8.136103,1047.598375,363.246627,107.817169,0.770303,0.343552,1092.016035,982.814432,1.132435,1.075814
7.320000,33.063240,275.402972,0.000000,0.961477,,0.961477,336.225499,49.993873,290.074634,0.379975,0.000000,0.100775,0.480750,-41.755546,143.185545,228.958426,0.000000,0.170098,0.170098,0.170098,21.511653,0.148969,0.194103,0.014869,8.120791,1046.870951,362.358046,107.704049,0.767477,0.343072,1091.487308,982.338577,1.131795,1.075206
7.340000,32.959619,275.278734,0.000000,0.958508,,0.958508,335.085131,49.993813,290.044937,0.376092,0.000000,0.101072,0.477164,-41.086389,142.682466,228.729853,0.000000,0.169800,0.169800,0.169800,21.455224,0.148453,0.194141,0.014881,8.105542,1046.145477,361.473313,107.591120,0.764664,0.342594,1090.959158,981.863243,1.131156,1.074598
7.360000,32.856324,275.154602,0.000000,0.955549,,0.955549,333.949034,49.993754,290.014877,0.372209,0.000000,0.101370,0.473579,-40.416872,142.180314,228.501073,0.000000,0.169503,0.169503,0.169503,21.398814,0.147938,0.194179,0.014893,8.090364,1045.422231,360.592882,107.478439,0.761865,0.342117,1090.431771,981.388594,1.130518,1.073992
7.380000,32.753355,275.030577,0.000000,0.952600,,0.952600,332.817188,49.993694,289.984474,0.368324,0.000000,0.101668,0.469993,-39.746964,141.679064,228.272077,0.000000,0.169204,0.169204,0.169204,21.342422,0.147426,0.194217,0.014906,8.075251,1044.700958,359.716448,107.365968,0.759079,0.341643,1089.904993,980.914494,1.129881,1.073387
7.400000,32.650710,274.906659,0.000000,0.949662,,0.949662,331.689574,49.993635,289.953697,0.364439,0.000000,0.101967,0.466406,-39.076686,141.178725,228.042867,0.000000,0.168906,0.168906,0.168906,21.286047,0.146916,0.194255,0.014919,8.060204,1043.981662,358.843986,107.253706,0.756306,0.341171,1089.378828,980.440945,1.129244,1.072782
7.420000,32.548389,274.782846,0.000000,0.946734,,0.946734,330.566172,49.993575,289.922559,0.360553,0.000000,0.102265,0.462819,-38.406013,140.679277,227.813434,0.000000,0.168607,0.168607,0.168607,21.229689,0.146409,0.194293,0.014932,8.045222,1043.264343,357.975505,107.141661,0.753546,0.340702,1088.853287,979.967958,1.128609,1.072179
7.440000,32.446390,274.659140,0.000000,0.943816,,0.943816,329.446965,49.993456,289.891042,0.356667,0.000000,0.102564,0.459231,-37.734951,140.180723,227.583778,0.000000,0.168308,0.168308,0.168308,21.173348,0.145903,0.194331,0.014945,8.030305,1042.549003,357.110956,107.029828,0.750799,0.340234,1088.328382,979.495544,1.127975,1.071576
7.460000,32.344713,274.535540,0.000000,0.940908,,0.940908,328.331931,49.993396,289.859141,0.352779,0.000000,0.102863,0.455643,-37.063499,139.683052,227.353894,0.000000,0.168009,0.168009,0.168009,21.117022,0.145400,0.194368,0.014959,8.015449,1041.835622,356.250135,106.918194,0.748065,0.339768,1087.804126,979.023714,1.127341,1.070974
7.480000,32.243356,274.412045,0.000000,0.938010,,0.938010,327.221053,49.993337,289.826850,0.348891,0.000000,0.103163,0.452054,-36.391647,139.186261,227.123781,0.000000,0.167710,0.167710,0.167710,21.060712,0.144899,0.194406,0.014973,8.000661,1041.124247,355.393415,106.806790,0.745344,0.339305,1087.280525,978.552472,1.126709,1.070374
7.500000,32.142318,274.288657,0.000000,0.935122,,0.935122,326.114312,49.993277,289.794150,0.345002,0.000000,0.103463,0.448465,-35.719403,138.690341,226.893431,0.000000,0.167410,0.167410,0.167410,21.004415,0.144400,0.194443,0.014987,7.985935,1040.414622,354.540491,106.695580,0.742635,0.338843,1086.757418,978.081676,1.126078,1.069774
7.520000,32.041598,274.165374,0.000000,0.932244,,0.932244,325.011689,49.993158,289.761051,0.341113,0.000000,0.103763,0.444875,-35.046744,138.195277,226.662840,0.000000,0.167110,0.167110,0.167110,20.948132,0.143903,0.194480,0.015001,7.971271,1039.706751,353.691358,106.584564,0.739938,0.338384,1086.234807,977.611326,1.125447,1.069175
7.540000,31.941196,274.042197,0.000000,0.929376,,0.929376,323.913165,49.993098,289.727537,0.337222,0.000000,0.104063,0.441285,-34.373675,137.701077,226.432010,0.000000,0.166810,0.166810,0.166810,20.891862,0.143409,0.194517,0.015015,7.956669,1039.001080,352.845963,106.473778,0.737255,0.337926,1085.713074,977.141766,1.124818,1.068577
7.560000,31.841110,273.919126,0.000000,0.926517,,0.926517,322.818723,49.993039,289.693604,0.333331,0.000000,0.104363,0.437695,-33.700188,137.207728,226.200932,0.000000,0.166509,0.166509,0.166509,20.835605,0.142916,0.194554,0.015030,7.942130,1038.296954,352.004424,106.363176,0.734583,0.337471,1085.191674,976.672507,1.124189,1.067980
7.580000,31.741338,273.796159,0.000000,0.923669,,0.923669,321.728343,49.992919,289.659230,0.329440,0.000000,0.104664,0.434104,-33.026288,136.715222,225.969604,0.000000,0.166208,0.166208,0.166208,20.779359,0.142426,0.194591,0.015044,7.927654,1037.594822,351.166697,106.252798,0.731924,0.337017,1084.670995,976.203895,1.123562,1.067384
7.600000,31.641881,273.673299,0.000000,0.920830,,0.920830,320.642008,49.992860,289.624404,0.325547,0.000000,0.104965,0.430512,-32.351974,136.223550,225.738021,0.000000,0.165907,0.165907,0.165907,20.723123,0.141938,0.194628,0.015059,7.913236,1036.894428,350.332499,106.142607,0.729277,0.336566,1084.150859,975.735773,1.122935,1.066788
7.620000,31.542737,273.550543,0.000000,0.918001,,0.918001,319.559699,49.992741,289.589122,0.321654,0.000000,0.105267,0.426921,-31.677232,135.732695,225.506172,0.000000,0.165606,0.165606,0.165606,20.666897,0.141452,0.194665,0.015075,7.898882,1036.195821,349.502182,106.032626,0.726642,0.336116,1083.631271,975.268144,1.122309,1.066194
7.640000,31.443904,273.427892,0.000000,0.915182,,0.915182,318.481398,49.992681,289.553382,0.317760,0.000000,0.105569,0.423328,-31.002055,135.242657,225.274058,0.000000,0.165304,0.165304,0.165304,20.610679,0.140968,0.194701,0.015091,7.884587,1035.499193,348.675440,105.922860,0.724020,0.335669,1083.112442,974.801198,1.121684,1.065600
7.660000,31.345383,273.305347,0.000000,0.912372,,0.912372,317.407089,49.992562,289.517165,0.313865,0.000000,0.105871,0.419736,-30.326442,134.753433,225.041677,0.000000,0.165002,0.165002,0.165002,20.554470,0.140485,0.194738,0.015106,7.870352,1034.803882,347.852379,105.813257,0.721408,0.335223,1082.593808,974.334427,1.121061,1.065008
7.680000,31.247171,273.182906,0.000000,0.909572,,0.909572,316.336752,49.992472,289.480463,0.309969,0.000000,0.106173,0.416143,-29.650389,134.265007,224.809019,0.000000,0.164699,0.164699,0.164699,20.498267,0.140006,0.194774,0.015123,7.856177,1034.110795,347.032941,105.703895,0.718810,0.334780,1082.076140,973.868526,1.120438,1.064416
7.700000,31.149269,273.060570,0.000000,0.906781,,0.906781,315.270370,49.992383,289.443272,0.306073,0.000000,0.106476,0.412549,-28.973884,133.777375,224.576082,0.000000,0.164396,0.164396,0.164396,20.442071,0.139528,0.194810,0.015139,7.842061,1033.419017,346.217063,105.594695,0.716222,0.334338,1081.558690,973.402821,1.119816,1.063825
7.720000,31.051674,272.938339,0.000000,0.904000,,0.904000,314.207927,49.992264,289.405572,0.302176,0.000000,0.106779,0.408956,-28.296928,133.290529,224.342862,0.000000,0.164093,0.164093,0.164093,20.385880,0.139052,0.194847,0.015156,7.828004,1032.729016,345.404802,105.485701,0.713646,0.333898,1081.041847,972.937663,1.119195,1.063235
7.740000,30.954386,272.816212,0.000000,0.901229,,0.901229,313.149403,49.992204,289.367353,0.298279,0.000000,0.107083,0.405361,-27.619516,132.804457,224.109350,0.000000,0.163790,0.163790,0.163790,20.329694,0.138578,0.194883,0.015173,7.814006,1032.041023,344.596117,105.376930,0.711083,0.333460,1080.525817,972.473235,1.118575,1.062646
7.760000,30.857404,272.694190,0.000000,0.898467,,0.898467,312.094783,49.992085,289.328612,0.294380,0.000000,0.107387,0.401767,-26.941632,132.319148,223.875542,0.000000,0.163486,0.163486,0.163486,20.273510,0.138106,0.194919,0.015190,7.800067,1031.354356,343.791040,105.268332,0.708530,0.333024,1080.010035,972.009031,1.117955,1.062058
7.780000,30.760727,272.572272,0.000000,0.895714,,0.895714,311.044049,49.991966,289.289329,0.290481,0.000000,0.107691,0.398172,-26.263279,131.834601,223.641434,0.000000,0.163182,0.163182,0.163182,20.217330,0.137636,0.194955,0.015208,7.786184,1030.669452,342.989333,105.159929,0.705989,0.332590,1079.494897,971.545407,1.117337,1.061470
7.800000,30.664354,272.450459,0.000000,0.892971,,0.892971,309.997183,49.991847,289.249494,0.286581,0.000000,0.107995,0.394577,-25.584448,131.350799,223.407019,0.000000,0.162877,0.162877,0.162877,20.161150,0.137168,0.194990,0.015226,7.772358,1029.986097,342.191102,105.051711,0.703459,0.332158,1078.980214,971.082193,1.116720,1.060884
7.820000,30.568284,272.328749,0.000000,0.890236,,0.890236,308.954170,49.991727,289.209067,0.282681,0.000000,0.108300,0.390981,-24.905153,130.867735,223.172290,0.000000,0.162572,0.162572,0.162572,20.104971,0.136702,0.195026,0.015244,7.758590,1029.304536,341.396399,104.943703,0.700941,0.331728,1078.466196,970.619576,1.116103,1.060298
7.840000,30.472516,272.207144,0.000000,0.887512,,0.887512,307.914992,49.991608,289.168065,0.278780,0.000000,0.108605,0.387385,-24.225361,130.385379,222.937233,0.000000,0.162267,0.162267,0.162267,20.048788,0.136238,0.195062,0.015264,7.744878,1028.624289,340.605063,104.835861,0.698433,0.331299,1077.952465,970.157219,1.115488,1.059713
7.860000,30.377048,272.085643,0.000000,0.884796,,0.884796,306.879632,49.991519,289.126462,0.274878,0.000000,0.108911,0.383789,-23.545080,129.903743,222.701851,0.000000,0.161962,0.161962,0.161962,19.992603,0.135775,0.195097,0.015283,7.731223,1027.945842,339.817229,104.728230,0.695937,0.330873,1077.439419,969.695477,1.114873,1.059130
7.880000,30.281881,271.964245,0.000000,0.882090,,0.882090,305.848073,49.991400,289.084243,0.270975,0.000000,0.109217,0.380192,-22.864298,129.422806,222.466134,0.000000,0.161655,0.161655,0.161655,19.936415,0.135315,0.195133,0.015302,7.717627,1027.268968,339.032902,104.620798,0.693452,0.330448,1076.926877,969.234190,1.114260,1.058547
7.900000,30.187013,271.842952,0.000000,0.879393,,0.879393,304.820300,49.991251,289.041404,0.267072,0.000000,0.109524,0.376595,-22.183001,128.942557,222.230074,0.000000,0.161349,0.161349,0.161349,19.880220,0.134857,0.195168,0.015322,7.704083,1026.593402,338.251784,104.513523,0.690977,0.330025,1076.414654,968.773188,1.113647,1.057964
7.920000,30.092443,271.721762,0.000000,0.876705,,0.876705,303.796295,49.991131,288.997925,0.263168,0.000000,0.109830,0.372998,-21.501188,128.462991,221.993667,0.000000,0.161042,0.161042,0.161042,19.824020,0.134400,0.195203,0.015343,7.690595,1025.919639,337.474046,104.406460,0.688514,0.329604,1075.903145,968.312831,1.113035,1.057383
7.940000,29.998169,271.600676,0.000000,0.874026,,0.874026,302.776043,49.991012,288.953777,0.259263,0.000000,0.110138,0.369400,-20.818858,127.984096,221.756906,0.000000,0.160735,0.160735,0.160735,19.767812,0.133946,0.195239,0.015364,7.677164,1025.247461,336.699763,104.299595,0.686062,0.329185,1075.392171,967.852954,1.112424,1.056803
7.960000,29.904192,271.479693,0.000000,0.871356,,0.871356,301.759527,49.990893,288.908948,0.255357,0.000000,0.110445,0.365803,-20.135998,127.505851,221.519780,0.000000,0.160427,0.160427,0.160427,19.711594,0.133493,0.195274,0.015385,7.663786,1024.576619,335.928759,104.192903,0.683620,0.328767,1074.881546,967.393392,1.111814,1.056223
7.980000,29.810511,271.358814,0.000000,0.868695,,0.868695,300.746730,49.990774,288.863434,0.251451,0.000000,0.110753,0.362205,-19.452592,127.028242,221.282278,0.000000,0.160119,0.160119,0.160119,19.655365,0.133042,0.195309,0.015407,7.650463,1023.907103,335.161000,104.086376,0.681188,0.328351,1074.371264,966.934137,1.111205,1.055644
8.000000,29.717123,271.238038,0.000000,0.866043,,0.866043,299.737638,49.990595,288.817176,0.247544,0.000000,0.111062,0.358606,-18.768659,126.551268,221.044399,0.000000,0.159810,0.159810,0.159810,19.599124,0.132593,0.195344,0.015429,7.637196,1023.239418,334.396664,103.980075,0.678768,0.327938,1073.861756,966.475580,1.110597,1.055067
8.020000,29.624029,271.117365,0.000000,0.863400,,0.863400,298.732233,49.990476,288.770204,0.243637,0.000000,0.111371,0.355008,-18.084156,126.074885,220.806119,0.000000,0.159501,0.159501,0.159501,19.542866,0.132146,0.195379,0.015453,7.623979,1022.573051,333.635378,103.873934,0.676358,0.327525,1073.352627,966.017364,1.109989,1.054490
8.040000,29.531227,270.996796,0.000000,0.860766,,0.860766,297.730501,49.990297,288.722458,0.239728,0.000000,0.111681,0.351409,-17.399101,125.599116,220.567448,0.000000,0.159192,0.159192,0.159192,19.486594,0.131701,0.195414,0.015476,7.610818,1021.908052,332.877499,103.767978,0.673958,0.327115,1072.843876,965.559489,1.109383,1.053914
8.060000,29.438716,270.876330,0.000000,0.858141,,0.858141,296.732425,49.990178,288.673950,0.235819,0.000000,0.111991,0.347810,-16.713467,125.123918,220.328361,0.000000,0.158882,0.158882,0.158882,19.430302,0.131257,0.195449,0.015500,7.597709,1021.244626,332.122719,103.662208,0.671569,0.326706,1072.335728,965.102155,1.108777,1.053338
8.080000,29.346496,270.755966,0.000000,0.855525,,0.855525,295.737990,49.989999,288.624628,0.231910,0.000000,0.112301,0.344211,-16.027259,124.649293,220.088858,0.000000,0.158571,0.158571,0.158571,19.373991,0.130816,0.195484,0.015525,7.584655,1020.582575,331.371320,103.556627,0.669190,0.326299,1071.827980,964.645182,1.108172,1.052764
8.100000,29.254565,270.635705,0.000000,0.852917,,0.852917,294.747179,49.989850,288.574488,0.227999,0.000000,0.112612,0.340612,-15.340457,124.175212,219.848924,0.000000,0.158260,0.158260,0.158260,19.317657,0.130376,0.195518,0.015550,7.571651,1019.921856,330.622920,103.451210,0.666821,0.325894,1071.320653,964.188588,1.107569,1.052190
8.120000,29.162923,270.515548,0.000000,0.850319,,0.850319,293.759978,49.989701,288.523493,0.224088,0.000000,0.112924,0.337012,-14.653061,123.701667,219.608549,0.000000,0.157949,0.157949,0.157949,19.261300,0.129938,0.195553,0.015576,7.558701,1019.262508,329.877798,103.345980,0.664462,0.325491,1070.813743,963.732369,1.106966,1.051618
8.140000,29.071569,270.395492,0.000000,0.847729,,0.847729,292.776372,49.989522,288.471626,0.220177,0.000000,0.113236,0.333412,-13.965052,123.228630,219.367718,0.000000,0.157637,0.157637,0.157637,19.204916,0.129501,0.195588,0.015603,7.545803,1018.604523,329.135836,103.240929,0.662113,0.325089,1070.307271,963.276544,1.106364,1.051046
8.160000,28.980501,270.275540,0.000000,0.845147,,0.845147,291.796344,49.989343,288.418862,0.216264,0.000000,0.113548,0.329812,-13.276421,122.756091,219.126425,0.000000,0.157324,0.157324,0.157324,19.148503,0.129067,0.195622,0.015630,7.532957,1017.948147,328.397019,103.136078,0.659775,0.324689,1069.801449,962.821304,1.105763,1.050475
8.180000,28.889719,270.155690,0.000000,0.842575,,0.842575,290.819880,49.989165,288.365152,0.212351,0.000000,0.113862,0.326212,-12.587169,122.284032,218.884655,0.000000,0.157011,0.157011,0.157011,19.092060,0.128634,0.195657,0.015658,7.520162,1017.292890,327.661255,103.031382,0.657446,0.324291,1069.295876,962.366288,1.105163,1.049905
8.200000,28.799222,270.035942,0.000000,0.840011,,0.840011,289.846964,49.988986,288.310495,0.208437,0.000000,0.114175,0.322612,-11.897268,121.812415,218.642388,0.000000,0.156697,0.156697,0.156697,19.035581,0.128203,0.195692,0.015688,7.507418,1016.639010,326.928627,102.926869,0.655127,0.323894,1068.790764,961.911688,1.104563,1.049335
8.220000,28.709009,269.916297,0.000000,0.837455,,0.837455,288.877582,49.988747,288.254836,0.204523,0.000000,0.114490,0.319012,-11.206720,121.341243,218.399623,0.000000,0.156383,0.156383,0.156383,18.979068,0.127774,0.195726,0.015717,7.494726,1015.986510,326.199121,102.822541,0.652818,0.323500,1068.286128,961.457515,1.103965,1.048767
8.240000,28.619079,269.796754,0.000000,0.834908,,0.834908,287.911719,49.988569,288.198167,0.200607,0.000000,0.114805,0.315412,-10.515501,120.870474,218.156334,0.000000,0.156068,0.156068,0.156068,18.922514,0.127346,0.195760,0.015748,7.482083,1015.335374,325.472536,102.718382,0.650519,0.323106,1067.781978,961.003780,1.103367,1.048199
8.260000,28.529432,269.677313,0.000000,0.832370,,0.832370,286.949359,49.988330,288.140414,0.196691,0.000000,0.115120,0.311812,-9.823620,120.400104,217.912516,0.000000,0.155752,0.155752,0.155752,18.865919,0.126920,0.195795,0.015779,7.469492,1014.685396,324.749162,102.614399,0.648229,0.322715,1067.278108,960.550297,1.102771,1.047632
8.280000,28.440065,269.557974,0.000000,0.829840,,0.829840,285.990488,49.988151,288.081581,0.192775,0.000000,0.115436,0.308211,-9.131041,119.930079,217.668140,0.000000,0.155436,0.155436,0.155436,18.809277,0.126496,0.195829,0.015813,7.456951,1014.037045,324.028780,102.510617,0.645950,0.322325,1066.774958,960.097462,1.102175,1.047066
8.300000,28.350979,269.438738,0.000000,0.827318,,0.827318,285.035092,49.987913,288.021596,0.188858,0.000000,0.115753,0.304611,-8.437769,119.460402,217.423200,0.000000,0.155119,0.155119,0.155119,18.752588,0.126073,0.195864,0.015846,7.444461,1013.389606,323.311511,102.406988,0.643679,0.321937,1066.271899,959.644709,1.101580,1.046501
8.320000,28.262173,269.319603,0.000000,0.824805,,0.824805,284.083155,49.987675,287.960466,0.184940,0.000000,0.116071,0.301011,-7.743764,118.991023,217.177669,0.000000,0.154802,0.154802,0.154802,18.695845,0.125653,0.195898,0.015881,7.432019,1012.743549,322.597129,102.303535,0.641418,0.321550,1065.769367,959.192430,1.100986,1.045937
8.340000,28.173645,269.200570,0.000000,0.822301,,0.822301,283.134663,49.987436,287.898122,0.181021,0.000000,0.116389,0.297410,-7.049032,118.521948,216.931548,0.000000,0.154483,0.154483,0.154483,18.639049,0.125233,0.195932,0.015916,7.419627,1012.098644,321.885730,102.200245,0.639166,0.321166,1065.267154,958.740438,1.100393,1.045374
8.360000,28.085395,269.081638,0.000000,0.819804,,0.819804,282.189602,49.987198,287.834497,0.177102,0.000000,0.116708,0.293810,-6.353566,118.053125,216.684804,0.000000,0.154164,0.154164,0.154164,18.582194,0.124816,0.195967,0.015953,7.407285,1011.455154,321.177397,102.097150,0.636924,0.320783,1064.765485,958.288936,1.099801,1.044811
8.380000,27.997421,268.962809,0.000000,0.817316,,0.817316,281.247957,49.986960,287.769560,0.173182,0.000000,0.117028,0.290210,-5.657340,117.584508,216.437406,0.000000,0.153844,0.153844,0.153844,18.525273,0.124400,0.196001,0.015992,7.394993,1010.812827,320.472031,101.994222,0.634691,0.320401,1064.264160,957.837744,1.099210,1.044250
8.400000,27.909724,268.844081,0.000000,0.814837,,0.814837,280.309714,49.986662,287.703265,0.169261,0.000000,0.117349,0.286610,-4.960335,117.116080,216.189345,0.000000,0.153524,0.153524,0.153524,18.468285,0.123986,0.196035,0.016032,7.382749,1010.171665,319.769640,101.891466,0.632467,0.320021,1063.763185,957.386866,1.098620,1.043689
8.420000,27.822302,268.725454,0.000000,0.812365,,0.812365,279.374859,49.986423,287.635593,0.165340,0.000000,0.117670,0.283010,-4.262523,116.647804,215.940596,0.000000,0.153202,0.153202,0.153202,18.411224,0.123573,0.196070,0.016073,7.370552,1009.531653,319.070025,101.788867,0.630252,0.319643,1063.262570,956.936313,1.098030,1.043129
8.440000,27.735154,268.606929,0.000000,0.809902,,0.809902,278.443378,49.986125,287.566462,0.161417,0.000000,0.117993,0.279410,-3.563898,116.179668,215.691147,0.000000,0.152880,0.152880,0.152880,18.354090,0.123162,0.196104,0.016114,7.358408,1008.893100,318.373631,101.686481,0.628047,0.319266,1062.762535,956.486282,1.097442,1.042570
8.460000,27.648279,268.488505,0.000000,0.807447,,0.807447,277.515256,49.985827,287.495802,0.157495,0.000000,0.118316,0.275810,-2.864447,115.711616,215.440963,0.000000,0.152557,0.152557,0.152557,18.296873,0.122753,0.196138,0.016158,7.346308,1008.255444,317.679912,101.584229,0.625850,0.318891,1062.262672,956.036405,1.096854,1.042012
8.480000,27.561677,268.370182,0.000000,0.805000,,0.805000,276.590481,49.985499,287.423547,0.153571,0.000000,0.118640,0.272211,-2.164151,115.243600,215.190014,0.000000,0.152233,0.152233,0.152233,18.239569,0.122345,0.196173,0.016204,7.334257,1007.618975,316.989142,101.482152,0.623662,0.318518,1061.763188,955.586869,1.096268,1.041454
8.500000,27.475346,268.251961,0.000000,0.802561,,0.802561,275.669037,49.985172,287.349668,0.149647,0.000000,0.118965,0.268612,-1.462971,114.775572,214.938269,0.000000,0.151908,0.151908,0.151908,18.182172,0.121939,0.196207,0.016252,7.322253,1006.983686,316.301213,101.380241,0.621483,0.318146,1061.264102,955.137692,1.095682,1.040898
8.520000,27.389286,268.133840,0.000000,0.800130,,0.800130,274.750911,49.984814,287.274047,0.145722,0.000000,0.119291,0.265013,-0.760912,114.307514,214.685710,0.000000,0.151582,0.151582,0.151582,18.124678,0.121535,0.196241,0.016300,7.310298,1006.349594,315.616238,101.278515,0.619313,0.317776,1060.765422,954.688880,1.095097,1.040342
8.540000,27.303496,268.015821,0.000000,0.797708,,0.797708,273.836089,49.984486,287.196669,0.141797,0.000000,0.119618,0.261415,-0.057923,113.839346,214.432292,0.000000,0.151255,0.151255,0.151255,18.067077,0.121132,0.196276,0.016352,7.298391,1005.716693,314.934098,101.176960,0.617152,0.317408,1060.267160,954.240444,1.094513,1.039787
8.560000,27.217975,267.897902,0.000000,0.795293,,0.795293,272.924558,49.984099,287.117385,0.137871,0.000000,0.119946,0.257817,0.645989,113.371054,214.177999,0.000000,0.150927,0.150927,0.150927,18.009368,0.120731,0.196310,0.016404,7.286532,1005.084748,314.254883,101.075564,0.614999,0.317041,1059.769102,953.792192,1.093930,1.039233
8.580000,27.132722,267.780085,0.000000,0.792887,,0.792887,272.016304,49.983741,287.036167,0.133944,0.000000,0.120275,0.254219,1.350874,112.902540,213.922770,0.000000,0.150597,0.150597,0.150597,17.951536,0.120331,0.196345,0.016461,7.274718,1004.453994,313.578429,100.974340,0.612855,0.316676,1059.271481,953.344333,1.093348,1.038680
8.600000,27.047737,267.662368,0.000000,0.790488,,0.790488,271.111313,49.983324,286.952897,0.130016,0.000000,0.120606,0.250622,2.056745,112.433783,213.666588,0.000000,0.150267,0.150267,0.150267,17.893581,0.119933,0.196379,0.016518,7.262955,1003.824471,312.904994,100.873309,0.610720,0.316312,1058.774302,952.896872,1.092767,1.038128
8.620000,26.963017,267.544751,0.000000,0.788097,,0.788097,270.209573,49.982907,286.867490,0.126088,0.000000,0.120937,0.247025,2.763635,111.964701,213.409399,0.000000,0.149935,0.149935,0.149935,17.835490,0.119536,0.196414,0.016579,7.251236,1003.195885,312.234220,100.772424,0.608593,0.315950,1058.277360,952.449624,1.092186,1.037577
8.640000,26.878564,267.427235,0.000000,0.785714,,0.785714,269.311070,49.982430,286.779803,0.122159,0.000000,0.121270,0.243429,3.471559,111.495238,213.151166,0.000000,0.149603,0.149603,0.149603,17.777256,0.119141,0.196449,0.016642,7.239564,1002.568263,311.566293,100.671699,0.606474,0.315589,1057.780652,952.002587,1.091607,1.037027
8.660000,26.794376,267.309820,0.000000,0.783339,,0.783339,268.415790,49.981983,286.689775,0.118229,0.000000,0.121604,0.239833,4.180567,111.025297,212.891827,0.000000,0.149268,0.149268,0.149268,17.718867,0.118747,0.196483,0.016709,7.227938,1001.941859,310.901118,100.571151,0.604364,0.315230,1057.284417,951.555975,1.091029,1.036477
8.680000,26.710451,267.192505,0.000000,0.780972,,0.780972,267.523720,49.981476,286.597277,0.114299,0.000000,0.121940,0.236239,4.890687,110.554836,212.631350,0.000000,0.148933,0.148933,0.148933,17.660316,0.118355,0.196518,0.016778,7.216360,1001.316173,310.238806,100.470749,0.602261,0.314873,1056.788211,951.109390,1.090451,1.035929
8.700000,26.626790,267.075291,0.000000,0.778613,,0.778613,266.634847,49.980970,286.502148,0.110368,0.000000,0.122277,0.232644,5.601940,110.083766,212.369674,0.000000,0.148596,0.148596,0.148596,17.601591,0.117965,0.196553,0.016850,7.204829,1000.691983,309.579336,100.370557,0.600168,0.314518,1056.292724,950.663452,1.089875,1.035381
8.720000,26.543390,266.958177,0.000000,0.776262,,0.776262,265.749159,49.980404,286.404285,0.106436,0.000000,0.122615,0.229051,6.314380,109.611980,212.106734,0.000000,0.148257,0.148257,0.148257,17.542679,0.117576,0.196588,0.016927,7.193344,1000.068514,308.922644,100.270508,0.598082,0.314164,1055.797287,950.217558,1.089299,1.034834
8.740000,26.460253,266.841163,0.000000,0.773918,,0.773918,264.866641,49.979867,286.303504,0.102504,0.000000,0.122955,0.225459,7.028029,109.139406,211.842475,0.000000,0.147917,0.147917,0.147917,17.483570,0.117188,0.196623,0.017007,7.181903,999.446017,308.268637,100.170615,0.596004,0.313811,1055.302136,949.771922,1.088725,1.034288
8.760000,26.377376,266.724249,0.000000,0.771582,,0.771582,263.987282,49.979241,286.199659,0.098570,0.000000,0.123297,0.221868,7.742941,108.665920,211.576818,0.000000,0.147575,0.147575,0.147575,17.424247,0.116802,0.196658,0.017092,7.170513,998.824532,307.617598,100.070904,0.593934,0.313460,1054.807267,949.326541,1.088151,1.033744
8.780000,26.294759,266.607435,0.000000,0.769253,,0.769253,263.111068,49.978586,286.092548,0.094637,0.000000,0.123641,0.218277,8.459149,108.191423,211.309696,0.000000,0.147232,0.147232,0.147232,17.364696,0.116418,0.196694,0.017182,7.159165,998.204018,306.969172,99.971349,0.591872,0.313111,1054.312705,948.881434,1.087579,1.033200
8.800000,26.212401,266.490721,0.000000,0.766933,,0.766933,262.237987,49.977901,285.982019,0.090702,0.000000,0.123986,0.214688,9.176715,107.715780,211.041018,0.000000,0.146886,0.146886,0.146886,17.304900,0.116034,0.196729,0.017277,7.147865,997.584508,306.323561,99.871966,0.589818,0.312764,1053.818446,948.436601,1.087007,1.032657
8.820000,26.130301,266.374107,0.000000,0.764620,,0.764620,261.368025,49.977185,285.867797,0.086767,0.000000,0.124334,0.211101,9.895666,107.238885,210.770711,0.000000,0.146539,0.146539,0.146539,17.244844,0.115653,0.196765,0.017376,7.136612,996.966008,305.680780,99.772762,0.587772,0.312418,1053.324505,947.992054,1.086437,1.032115
8.840000,26.048458,266.257592,0.000000,0.762314,,0.762314,260.501170,49.976411,285.749701,0.082831,0.000000,0.124684,0.207514,10.616080,106.760555,210.498658,0.000000,0.146189,0.146189,0.146189,17.184504,0.115273,0.196801,0.017483,7.125404,996.348253,305.040742,99.673704,0.585733,0.312073,1052.830660,947.547594,1.085867,1.031574
8.860000,25.966873,266.141178,0.000000,0.760016,,0.760016,259.637410,49.975576,285.627447,0.078894,0.000000,0.125035,0.203929,11.338001,106.280665,210.224769,0.000000,0.145837,0.145837,0.145837,17.123862,0.114894,0.196837,0.017596,7.114243,995.731511,304.403486,99.574826,0.583702,0.311731,1052.337148,947.103433,1.085299,1.031034
8.880000,25.885542,266.024863,0.000000,0.757726,,0.757726,258.776732,49.974682,285.500781,0.074956,0.000000,0.125390,0.200346,12.061501,105.799025,209.948920,0.000000,0.145483,0.145483,0.145483,17.062892,0.114517,0.196873,0.017716,7.103129,995.115793,303.769026,99.476126,0.581679,0.311389,1051.843980,946.659582,1.084731,1.030495
8.900000,25.804468,265.908648,0.000000,0.755443,,0.755443,257.919123,49.973758,285.369390,0.071018,0.000000,0.125747,0.196765,12.786645,105.315462,209.670994,0.000000,0.145126,0.145126,0.145126,17.001572,0.114141,0.196909,0.017844,7.092060,994.500831,303.137281,99.377575,0.579663,0.311050,1051.350931,946.215838,1.084165,1.029956
8.920000,25.723647,265.792532,0.000000,0.753168,,0.753168,257.064572,49.972715,285.232870,0.067079,0.000000,0.126106,0.193186,13.513493,104.829766,209.390847,0.000000,0.144766,0.144766,0.144766,16.939873,0.113767,0.196946,0.017980,7.081039,993.886645,302.508405,99.279195,0.577654,0.310712,1050.858005,945.772204,1.083599,1.029419
8.940000,25.643079,265.676515,0.000000,0.750900,,0.750900,256.213065,49.971643,285.090846,0.063140,0.000000,0.126469,0.189609,14.242130,104.341661,209.108299,0.000000,0.144404,0.144404,0.144404,16.877758,0.113394,0.196983,0.018128,7.070063,993.273487,301.882227,99.180989,0.575653,0.310376,1050.365450,945.328905,1.083035,1.028883
8.960000,25.562764,265.560598,0.000000,0.748639,,0.748639,255.364591,49.970451,284.942892,0.059199,0.000000,0.126835,0.186034,14.972648,103.850895,208.823180,0.000000,0.144038,0.144038,0.144038,16.815192,0.113022,0.197020,0.018286,7.059135,992.660845,301.258895,99.082929,0.573658,0.310042,1049.872798,944.885518,1.082472,1.028349
8.980000,25.482701,265.444781,0.000000,0.746386,,0.746386,254.519138,49.969169,284.788563,0.055258,0.000000,0.127204,0.182462,15.705148,103.357181,208.535299,0.000000,0.143669,0.143669,0.143669,16.752136,0.112652,0.197057,0.018457,7.048253,992.049254,300.638364,98.985060,0.571671,0.309709,1049.380532,944.442479,1.081910,1.027815
9.000000,25.402889,265.329062,0.000000,0.744141,,0.744141,253.676692,49.967769,284.627341,0.051316,0.000000,0.127577,0.178893,16.439739,102.860218,208.244450,0.000000,0.143296,0.143296,0.143296,16.688550,0.112283,0.197095,0.018641,7.037419,991.438456,300.020678,98.887362,0.569691,0.309378,1048.888423,943.999580,1.081349,1.027282
9.020000,25.323327,265.213442,0.000000,0.741902,,0.741902,252.837243,49.966279,284.458536,0.047374,0.000000,0.127953,0.175327,17.176514,102.359652,207.950393,0.000000,0.142919,0.142919,0.142919,16.624384,0.111916,0.197133,0.018839,7.026631,990.828171,299.405697,98.789801,0.567717,0.309049,1048.396239,943.556615,1.080790,1.026750
9.040000,25.244015,265.097922,0.000000,0.739671,,0.739671,252.000777,49.964610,284.281393,0.043430,0.000000,0.128334,0.171765,17.915602,101.855019,207.652822,0.000000,0.142538,0.142538,0.142538,16.559577,0.111550,0.197172,0.019057,7.015893,990.218706,298.793712,98.692430,0.565750,0.308722,1047.904224,943.113801,1.080231,1.026220
9.060000,25.164951,264.982500,0.000000,0.737448,,0.737448,251.167284,49.962762,284.095203,0.039486,0.000000,0.128720,0.168206,18.657170,101.345806,207.351395,0.000000,0.142152,0.142152,0.142152,16.494058,0.111185,0.197211,0.019296,7.005201,989.610040,298.184514,98.595230,0.563790,0.308396,1047.412391,942.671152,1.079674,1.025691
9.080000,25.086136,264.867178,0.000000,0.735231,,0.735231,250.336752,49.960796,283.899013,0.035541,0.000000,0.129112,0.164652,19.401360,100.831533,207.045786,0.000000,0.141761,0.141761,0.141761,16.427762,0.110822,0.197250,0.019556,6.994557,989.001908,297.578112,98.498183,0.561836,0.308072,1046.920502,942.228452,1.079118,1.025162
9.100000,25.007567,264.751954,0.000000,0.733022,,0.733022,249.509167,49.958531,283.691702,0.031595,0.000000,0.129508,0.161104,20.148352,100.311553,206.735559,0.000000,0.141364,0.141364,0.141364,16.360601,0.110460,0.197290,0.019843,6.983966,988.394634,296.974881,98.401342,0.559889,0.307750,1046.428804,941.785924,1.078564,1.024636
9.120000,24.929244,264.636829,0.000000,0.730820,,0.730820,248.684520,49.956028,283.471950,0.027649,0.000000,0.129912,0.157560,20.898341,99.785105,206.420208,0.000000,0.140961,0.140961,0.140961,16.292470,0.110100,0.197330,0.020162,6.973420,987.787885,296.374322,98.304647,0.557948,0.307430,1045.937074,941.343367,1.078011,1.024110
9.140000,24.851168,264.521802,0.000000,0.728625,,0.728625,247.862797,49.953256,283.238445,0.023701,0.000000,0.130322,0.154023,21.651595,99.251292,206.099131,0.000000,0.140551,0.140551,0.140551,16.223249,0.109741,0.197371,0.020519,6.962925,987.181711,295.776801,98.208130,0.556013,0.307111,1045.445301,940.900771,1.077459,1.023586
9.160000,24.773336,264.406875,0.000000,0.726438,,0.726438,247.043988,49.950068,282.989206,0.019753,0.000000,0.130740,0.150493,22.408333,98.709219,205.771720,0.000000,0.140132,0.140132,0.140132,16.152814,0.109383,0.197412,0.020914,6.952482,986.576122,295.182357,98.111793,0.554084,0.306795,1044.953502,940.458151,1.076909,1.023063
9.180000,24.695748,264.292045,0.000000,0.724257,,0.724257,246.228081,49.946522,282.722271,0.015804,0.000000,0.131168,0.146971,23.168910,98.157538,205.437077,0.000000,0.139705,0.139705,0.139705,16.080982,0.109027,0.197454,0.021366,6.942088,985.971096,294.590823,98.015631,0.552161,0.306481,1044.461684,940.015516,1.076360,1.022542
9.200000,24.618403,264.177315,0.000000,0.722084,,0.722084,245.415063,49.942380,282.434903,0.011854,0.000000,0.131605,0.143459,23.933655,97.594910,205.094296,0.000000,0.139267,0.139267,0.139267,16.007570,0.108671,0.197497,0.021875,6.931749,985.366403,294.002505,97.919640,0.550243,0.306169,1043.969600,939.572640,1.075812,1.022022
9.220000,24.541301,264.062682,0.000000,0.719917,,0.719917,244.604925,49.937612,282.123950,0.007903,0.000000,0.132054,0.139957,24.703019,97.019464,204.742123,0.000000,0.138818,0.138818,0.138818,15.932323,0.108318,0.197541,0.022462,6.921459,984.762286,293.417132,97.823827,0.548331,0.305858,1043.477512,939.129761,1.075266,1.021503
9.240000,24.464441,263.948148,0.000000,0.717758,,0.717758,243.797654,49.932010,281.785338,0.003951,0.000000,0.132517,0.136469,25.477506,96.429049,204.379110,0.000000,0.138355,0.138355,0.138355,15.854945,0.107965,0.197585,0.023141,6.911223,984.158500,292.834938,97.728189,0.546424,0.305550,1042.985168,938.686652,1.074722,1.020986
9.260000,24.387821,263.833712,0.000000,0.715606,,0.715606,242.993239,49.925364,281.414027,0.000000,0.000000,0.132996,0.132996,26.257517,95.820984,204.003443,0.000000,0.137877,0.137877,0.137877,15.775072,0.107614,0.197568,0.023933,6.899927,983.594300,292.192430,97.631265,0.544693,0.305182,1042.535244,938.281720,1.074120,1.020414
9.280000,24.311442,263.719374,0.000000,0.713460,,0.713460,242.191668,49.992085,281.374672,0.000000,0.000000,0.133196,0.133196,26.290778,95.568217,203.846834,0.000000,0.137677,0.137677,0.137677,15.741816,0.107264,0.000000,0.009985,1.013250,300.000000,0.000000,0.000000,,0.107264,,,,
